,relation,target,source
0,r_whois_phone,Domain_b9e35a9d38e6b0355b22c83cf52f57eb8b6df492e8f08d171e7ec67112684133,Whois_Phone_f6974ce3fa84ae76d75b9211f3162155db77566a36c82549b66a9a3d966a928b
1,r_cert,Domain_6a95c59ce27364a98a128ba1f0df49106e214c120fe718a6b980cf86b47328c9,Cert_fe794a69eacd63b21245bf4eda826222fc6c5862bebf77aa05459cb308cfd063
2,r_whois_email,Domain_968e388644bf824337c68f006dae0bea4209e230d9cd255de478229647a64e29,Whois_Email_62fe1d0691991999225c173a7c6b4da96e9d590457cfb31befb84fc0e980c15e
3,r_whois_email,Domain_ea7d132bd5f2cd55f5daeb425f86bc58defd842585eea72a7b50b599af02d054,Whois_Email_62fe1d0691991999225c173a7c6b4da96e9d590457cfb31befb84fc0e980c15e
4,r_whois_name,Domain_c58c149eec59bb14b0c102a0f303d4c20366926b5c3206555d2937474124beb9,Whois_Name_db0925a5aeb1849fa7b41f7a29c1192d38e12e97fb6e82e72e894e3c733130ef
5,r_whois_name,Domain_16a3c8545732ca5cc0475714040bb4f4c0a04d7798bd440d2a00046f9d66aa78,Whois_Name_db0925a5aeb1849fa7b41f7a29c1192d38e12e97fb6e82e72e894e3c733130ef
6,r_cidr,IP_fd1466e72d137176ee7d85c8b1d286fdfba318ff80048df9c18155704c997088,IP_CIDR_7b93e45cc9b560884040a75d3daa888a4d54c9e7aa897447b1e25d675f0c7397
7,r_whois_email,Domain_961cc51c9d7f1cd91596f73356b5b4039deab7b78a97d33f413262020c2aadb1,Whois_Email_5a3d16b7df3d815d5f3436bd5dd5c5e1054ee7cb74d4fd8d9efdf3af362a4a18
8,r_subdomain,Domain_91de97019b99f9e4b03f9d1bec9fd8925b15a3687a10ea0124baab42e36170b7,Domain_cee489b4e75d3b79f86fc13516688cb4ed6a84e39f139f25014bf97c0d7bfbf1
9,r_whois_email,Domain_c1af67f1e07694bdaef275df2896ff1511a3fea83935e8dc7b44d17a49c1487a,Whois_Email_5a3d16b7df3d815d5f3436bd5dd5c5e1054ee7cb74d4fd8d9efdf3af362a4a18
10,r_whois_name,Domain_24882fc6210b140a2432a6ef795052b57de43cef2a8616ac8f7ac29b20dc069b,Whois_Name_d93c941eef173511e77515af6861025e9a2a52d597e27bf1825961c2690e66cd
11,r_whois_email,Domain_735c4771683e674e92ea551c4200f45eecad99b1fac38b3a95a9e987f6d9da5a,Whois_Email_62fe1d0691991999225c173a7c6b4da96e9d590457cfb31befb84fc0e980c15e
12,r_cert,Domain_3463c4d7394dd9ed9e0bcafeaed3cf8691dc7dac01cbe3e84bba8391d93a7b38,Cert_fe794a69eacd63b21245bf4eda826222fc6c5862bebf77aa05459cb308cfd063
13,r_dns_a,Domain_366244592364299707e33731d928c96df664d8beabce7066f2399687d9c81261,IP_180ec840d57b66390033e9f0145b6dc76a7213c42d0992faeaaf5719ba7273a2
14,r_dns_a,Domain_f46d307d274bb9a830daa368b0cd60b60b11a19245f69807b22270e54720699d,IP_0458088d7526210a3de82f8c7bf290613c96c823d69b2c21da56ad6d5c57e3fd
15,r_whois_name,Domain_f0b2379af26353db01ce9f64cd83a00a0c688356a1ccb25d5aa6f7ef588b2823,Whois_Name_d93c941eef173511e77515af6861025e9a2a52d597e27bf1825961c2690e66cd
16,r_whois_name,Domain_d5dc0fa8190877f379c5b7d6f90a72f5e9274361db5721ea36cb6f312812b3b1,Whois_Name_d93c941eef173511e77515af6861025e9a2a52d597e27bf1825961c2690e66cd
17,r_whois_phone,Domain_af51eaa02d119dbf3a558d276e90963b7f45a24d6147a6c72099adc344e508b0,Whois_Phone_f6974ce3fa84ae76d75b9211f3162155db77566a36c82549b66a9a3d966a928b
18,r_whois_email,Domain_3e1a17bf0d9ef232875c72ec7f887e330e5ea9b3e7902766c2a6aea0d735b1ad,Whois_Email_62fe1d0691991999225c173a7c6b4da96e9d590457cfb31befb84fc0e980c15e
19,r_whois_email,Domain_b1c947669d44356a1de8002a02adedc99c3c63328c4bf0c31cf3e54186bbeb26,Whois_Email_62fe1d0691991999225c173a7c6b4da96e9d590457cfb31befb84fc0e980c15e
20,r_whois_email,Domain_5908b907c4faf7a2bbf7e2b9a25b29c52f085728777a65bc76b38ebfbce3aa2a,Whois_Email_5a3d16b7df3d815d5f3436bd5dd5c5e1054ee7cb74d4fd8d9efdf3af362a4a18
21,r_cert,Domain_31dec612b019cbf2a0bfca15b77a215c0bdbe0cc05b76d96162a47f96612d989,Cert_fe794a69eacd63b21245bf4eda826222fc6c5862bebf77aa05459cb308cfd063
22,r_whois_email,Domain_ddf389bc4953d1d3a9d267d0ff9332182adb9e93f41444fa65f53294daebc806,Whois_Email_5a3d16b7df3d815d5f3436bd5dd5c5e1054ee7cb74d4fd8d9efdf3af362a4a18
23,r_whois_email,Domain_3173cc5c761002c039e1a3fdc4ef83d0b60c30872d77bdc948dff6aaf9c9d3d5,Whois_Email_62fe1d0691991999225c173a7c6b4da96e9d590457cfb31befb84fc0e980c15e
24,r_whois_name,Domain_df35f0a5a272525f008cd4ce6f5e874ee979e6cdd439c2db9401764babccc40f,Whois_Name_d93c941eef173511e77515af6861025e9a2a52d597e27bf1825961c2690e66cd
25,r_whois_email,Domain_7048137ed28817bfa589ad453edfa432f765823fc4655641fbcbf45a81048d1d,Whois_Email_62fe1d0691991999225c173a7c6b4da96e9d590457cfb31befb84fc0e980c15e
26,r_whois_email,Domain_0a48163bfd17c17f021d2376d9a5243a476d6a078d0f7319fbd7af97e159c8d8,Whois_Email_5a3d16b7df3d815d5f3436bd5dd5c5e1054ee7cb74d4fd8d9efdf3af362a4a18
27,r_cert,Domain_75d380b58dd1aedb173c9d717a510917098ecece15bfab86c1174213183d06cb,Cert_fe794a69eacd63b21245bf4eda826222fc6c5862bebf77aa05459cb308cfd063
28,r_whois_name,Domain_1d8e02f35e2cba9afb64a653aec2d7703559001c9d4f24c9b119eba50c47df10,Whois_Name_9bf9ce0d5302876657f37557cd8beb6dde7fb29f56370227ca7452c0904328f2
29,r_whois_phone,Domain_07095e444e814ab1d40e693c9af393ca4e50d2bd55ad02451df5ae129d210f44,Whois_Phone_f6974ce3fa84ae76d75b9211f3162155db77566a36c82549b66a9a3d966a928b
30,r_whois_phone,Domain_9a1954f84e6070174caa0614e0b79bfac42c4416ae8f200836749ae05a3c492c,Whois_Phone_f6974ce3fa84ae76d75b9211f3162155db77566a36c82549b66a9a3d966a928b
31,r_cname,Domain_807a8a1a5282607c2063a5b0365268b25f0f62d61741a3e25244840595f10dc3,Domain_4a17a04e1db069c8eee11f9506ffa28eb0e7b2ec45d56a554598e236313e3a6f
32,r_request_jump,Domain_f3554b666038baffa5814c319d3053ee2c2eb30d31d0ef509a1a463386b69845,Domain_9b137c5215788c8e66a5ea2d45c7ec3af81d5b1521610b166b109a6701324742
33,r_whois_email,Domain_23f024c125e97f6530f183b7e08e1e428f001a9d3b3517a0df5a476b935f4c24,Whois_Email_5a3d16b7df3d815d5f3436bd5dd5c5e1054ee7cb74d4fd8d9efdf3af362a4a18
34,r_whois_phone,Domain_3c3e7ac3dd353eccf0142dbc13fa1a2ed30d74fea083b74d9b9a417824b84606,Whois_Phone_f6974ce3fa84ae76d75b9211f3162155db77566a36c82549b66a9a3d966a928b
35,r_cert,Domain_e5faee798ab94195e75d453c625b9778a33b5df78d7b2c28e012c689836cfe9a,Cert_fe794a69eacd63b21245bf4eda826222fc6c5862bebf77aa05459cb308cfd063
36,r_asn,IP_2eec711d731faa1b677c62cb897e58cc1c296c1f9864abd447dec6b04b6cea0f,ASN_78e2809d367a13eba927824f6b9e4f2d576c23401663df240342ed4a6a1ee69f
37,r_whois_name,Domain_ddf389bc4953d1d3a9d267d0ff9332182adb9e93f41444fa65f53294daebc806,Whois_Name_db0925a5aeb1849fa7b41f7a29c1192d38e12e97fb6e82e72e894e3c733130ef
38,r_cert,Domain_3c41715e572146435538187f2e6acfd9f2acf827801199a40f8da35100cab58e,Cert_fe794a69eacd63b21245bf4eda826222fc6c5862bebf77aa05459cb308cfd063
39,r_whois_name,Domain_ab191669a5554728bbfbfe823af06365873bcee68ec84abdad22976c072582d4,Whois_Name_db0925a5aeb1849fa7b41f7a29c1192d38e12e97fb6e82e72e894e3c733130ef
40,r_cert,Domain_f596f1a76e5facfccc8f7cb420ba25d039c5f54e3c074b59eb35378f4102930d,Cert_fe794a69eacd63b21245bf4eda826222fc6c5862bebf77aa05459cb308cfd063
41,r_whois_phone,Domain_f42f2fc2da3314de4122ce5cb847c368909a555b7873224c86ca2116a57d0a48,Whois_Phone_f6974ce3fa84ae76d75b9211f3162155db77566a36c82549b66a9a3d966a928b
42,r_whois_name,Domain_ee2b0e9671b0558c4bc753df5aece320d5084e886bd8a338e5b092b788c733e4,Whois_Name_d93c941eef173511e77515af6861025e9a2a52d597e27bf1825961c2690e66cd
43,r_cert,Domain_807a8a1a5282607c2063a5b0365268b25f0f62d61741a3e25244840595f10dc3,Cert_90251c3412b1d10fed822153d9877b1dcb2eed0b35c174b2b1f8b1a58de9bc7f
44,r_whois_name,Domain_ffaecd311d279542e157d3328a40c2f8f8e449a8a79166290d0a397478662753,Whois_Name_d93c941eef173511e77515af6861025e9a2a52d597e27bf1825961c2690e66cd
45,r_whois_email,Domain_44c636ff9b9f48ad5687710b70653f1a2eb3899e0848937c919c430d2c3b37e4,Whois_Email_5a3d16b7df3d815d5f3436bd5dd5c5e1054ee7cb74d4fd8d9efdf3af362a4a18
46,r_asn,IP_fd1466e72d137176ee7d85c8b1d286fdfba318ff80048df9c18155704c997088,ASN_36b2a321f2749b2040b579993be3c253349b609d065a0c6eae8221d96a317b5e
47,r_whois_phone,Domain_69beaab42d79298fc6222236dc32fe08d15935f63448d116987d0759794e3696,Whois_Phone_f6974ce3fa84ae76d75b9211f3162155db77566a36c82549b66a9a3d966a928b
48,r_dns_a,Domain_b0db5e33bb91089520046ff41da4b0d81d7a0fbe23e1046106554c79f8c8659c,IP_4388239df158d109a77362b1005f194160349eb19f4882e017c8316af464f9c2
49,r_whois_email,Domain_d8153f03fc26391bc3d07150141b2d0fbbe731e3e6fba71a3b93f8aea53a8a0b,Whois_Email_62fe1d0691991999225c173a7c6b4da96e9d590457cfb31befb84fc0e980c15e
50,r_subdomain,Domain_32ef6b395c5e272a588c5acad24eb95138902568ee9570449f10b8aa05617ded,Domain_f504be92d31f1bb18deab590ebeff7b173d063a25c6bc21306c92e44a65173e3
51,r_cert,Domain_c2213cce44dfcc1c733ffbb2bd044d19bb5bb63c188095283327f1b9e7042154,Cert_fe794a69eacd63b21245bf4eda826222fc6c5862bebf77aa05459cb308cfd063
52,r_cert,Domain_83bce50b827af02a90c5039c58ccf4e844674a589cf180710fda6560e8110897,Cert_fe794a69eacd63b21245bf4eda826222fc6c5862bebf77aa05459cb308cfd063
53,r_cert,Domain_e38c34bc0213314888485f4d52b4a48759f4e1cdf654db782a653291f25e7178,Cert_fe794a69eacd63b21245bf4eda826222fc6c5862bebf77aa05459cb308cfd063
54,r_cert,Domain_edda74ac6ce70753bfcb15e785f11451bcd6eb1084f5c0de93f8d29e9ad59bfb,Cert_fe794a69eacd63b21245bf4eda826222fc6c5862bebf77aa05459cb308cfd063
55,r_cert,Domain_fd19b71f8ae552e79ec9c1a2cacecc1b8bdff295392aebf58a0edada68d35136,Cert_fe794a69eacd63b21245bf4eda826222fc6c5862bebf77aa05459cb308cfd063
56,r_whois_email,Domain_dac70a0469f212b5df51dfccaddbdca191d75d19c8703de9d47369627bcb8c03,Whois_Email_62fe1d0691991999225c173a7c6b4da96e9d590457cfb31befb84fc0e980c15e
57,r_whois_phone,Domain_6c58b4e54203c2c11533b919c6067d7fcb9cd64a0433d3d9e3cadac8d98d311c,Whois_Phone_f6974ce3fa84ae76d75b9211f3162155db77566a36c82549b66a9a3d966a928b
58,r_dns_a,Domain_d544953df628ea3b0268350be0b607e25f954435ac8582ab50205c7bc48c5685,IP_69a9464a6a800a5bd8a3635e8912467cb0c447cb90d3efe4adf77f3b4d9b6901
59,r_whois_email,Domain_8dc33e3f3528ddd3f88d2cb7e855a578ecf1c689e03111c226f1035f8f16e33f,Whois_Email_62fe1d0691991999225c173a7c6b4da96e9d590457cfb31befb84fc0e980c15e
60,r_subdomain,Domain_dd8939ede57b0c0f8a387609441c69399a0ef4ab7516a6e927b8b86d10a95b12,Domain_9b137c5215788c8e66a5ea2d45c7ec3af81d5b1521610b166b109a6701324742
61,r_cert,Domain_b44e1d789db726212d72f25fd28ccaca89e81e7f8e17ebf3349e2f2a0a455936,Cert_fe794a69eacd63b21245bf4eda826222fc6c5862bebf77aa05459cb308cfd063
62,r_whois_phone,Domain_14f326bef8b3347b7e3079024dd1a11755916817a9e5f21ce2723633fa1fb349,Whois_Phone_f6974ce3fa84ae76d75b9211f3162155db77566a36c82549b66a9a3d966a928b
63,r_whois_name,Domain_961cc51c9d7f1cd91596f73356b5b4039deab7b78a97d33f413262020c2aadb1,Whois_Name_db0925a5aeb1849fa7b41f7a29c1192d38e12e97fb6e82e72e894e3c733130ef
64,r_cert,Domain_5f18788cda37a2a9c56cbda4f1dccf1ba90626e32829486c373278e12e651d3a,Cert_fe794a69eacd63b21245bf4eda826222fc6c5862bebf77aa05459cb308cfd063
65,r_whois_email,Domain_7b2e20d8c58154dd5280a6741112d7c0d5fb420e0fb8d7a6996ec1c6ac0e3a08,Whois_Email_62fe1d0691991999225c173a7c6b4da96e9d590457cfb31befb84fc0e980c15e
66,r_cert,Domain_d4cea45832241fd0b308db05811955ea3e00b4ba1b9937beddbfc3c1741341c9,Cert_fe794a69eacd63b21245bf4eda826222fc6c5862bebf77aa05459cb308cfd063
67,r_whois_name,Domain_c1af67f1e07694bdaef275df2896ff1511a3fea83935e8dc7b44d17a49c1487a,Whois_Name_db0925a5aeb1849fa7b41f7a29c1192d38e12e97fb6e82e72e894e3c733130ef
68,r_cert,Domain_d690446f962c3894b468e99152f12147734d4c70b9142e02bf51c11a66c9607f,Cert_fe794a69eacd63b21245bf4eda826222fc6c5862bebf77aa05459cb308cfd063
69,r_cert,Domain_8093cba6de6e6c9a5de3066ac6f031fe8913cf47fb84bb5e8c214884d44366e7,Cert_fe794a69eacd63b21245bf4eda826222fc6c5862bebf77aa05459cb308cfd063
70,r_whois_email,Domain_965b7d19e3e9b308a17a075efba549130dc714d3eb911274568b1812e8eedb09,Whois_Email_5a3d16b7df3d815d5f3436bd5dd5c5e1054ee7cb74d4fd8d9efdf3af362a4a18
71,r_whois_name,Domain_a7eb1ab42b77f5806e61efe29fefa61bb58686f00f241c1753e7f399448e90f7,Whois_Name_d93c941eef173511e77515af6861025e9a2a52d597e27bf1825961c2690e66cd
72,r_cert,Domain_a4d37a50f92035e38e4981a3cf1d9205c1eac2deb6400d67e9f52824e92da027,Cert_fe794a69eacd63b21245bf4eda826222fc6c5862bebf77aa05459cb308cfd063
73,r_cert,Domain_c8c83f3cd027d851cbdab5c2f8c98b78e4a855b26a7602a0954643c66b37cd1d,Cert_fe794a69eacd63b21245bf4eda826222fc6c5862bebf77aa05459cb308cfd063
74,r_cert,Domain_80112147d69661ee0a767ef008d8bebb80570d77d0f9d3ea87170bcfe92efe95,Cert_fe794a69eacd63b21245bf4eda826222fc6c5862bebf77aa05459cb308cfd063
75,r_whois_name,Domain_ff295aacee1ecd7b28bc79edc30a2a1e18fa6acbb1200d67bf17f6ea2af2d375,Whois_Name_d93c941eef173511e77515af6861025e9a2a52d597e27bf1825961c2690e66cd
76,r_whois_email,Domain_3e51451557a955631ae2136f6290de669138c94daff1f150465531ee24faa00d,Whois_Email_62fe1d0691991999225c173a7c6b4da96e9d590457cfb31befb84fc0e980c15e
77,r_cname,Domain_c58c149eec59bb14b0c102a0f303d4c20366926b5c3206555d2937474124beb9,Domain_1d8e02f35e2cba9afb64a653aec2d7703559001c9d4f24c9b119eba50c47df10
78,r_whois_name,Domain_5908b907c4faf7a2bbf7e2b9a25b29c52f085728777a65bc76b38ebfbce3aa2a,Whois_Name_db0925a5aeb1849fa7b41f7a29c1192d38e12e97fb6e82e72e894e3c733130ef
79,r_cert,Domain_ee4e2459b1265a1d5dd9a297161e9e61eb6c22993c233d81cdc3ce469b6948a3,Cert_fe794a69eacd63b21245bf4eda826222fc6c5862bebf77aa05459cb308cfd063
80,r_whois_name,Domain_44c636ff9b9f48ad5687710b70653f1a2eb3899e0848937c919c430d2c3b37e4,Whois_Name_db0925a5aeb1849fa7b41f7a29c1192d38e12e97fb6e82e72e894e3c733130ef
81,r_cname,Domain_4a574ffed389ef750ce9cbac62946a3be659eb701338d7a8a6e7d6cf7a296160,Domain_f46d307d274bb9a830daa368b0cd60b60b11a19245f69807b22270e54720699d
82,r_whois_email,Domain_2a3ad2507c81d1bc5f0a9b7079a28d9f31dbfcfdb073f5f8d7ba3fb1c882db9a,Whois_Email_5a3d16b7df3d815d5f3436bd5dd5c5e1054ee7cb74d4fd8d9efdf3af362a4a18
83,r_whois_email,Domain_61befc7014010dffed9239b8a133396e1a88fa822703b677b123268eb16be3f7,Whois_Email_5a3d16b7df3d815d5f3436bd5dd5c5e1054ee7cb74d4fd8d9efdf3af362a4a18
84,r_whois_phone,Domain_c5ee412dc070b09ec40ff13884116e6ef896eabcf9c5234160272823ab9edd9c,Whois_Phone_f6974ce3fa84ae76d75b9211f3162155db77566a36c82549b66a9a3d966a928b
85,r_whois_phone,Domain_16a3c8545732ca5cc0475714040bb4f4c0a04d7798bd440d2a00046f9d66aa78,Whois_Phone_f6974ce3fa84ae76d75b9211f3162155db77566a36c82549b66a9a3d966a928b
86,r_whois_email,Domain_6fb0f7a277e40d065409642924711dad150594c5a987801786da2980a287e245,Whois_Email_62fe1d0691991999225c173a7c6b4da96e9d590457cfb31befb84fc0e980c15e
87,r_cert,Domain_24ec2df036b699c45761d06f9d98f9c61146c97343f3a37fe315285c7947fdff,Cert_fe794a69eacd63b21245bf4eda826222fc6c5862bebf77aa05459cb308cfd063
88,r_cname,Domain_36fd1f26e051d752d86580f3f3674a48f488a5785a5cf145e37c2f08999caaab,Domain_b0db5e33bb91089520046ff41da4b0d81d7a0fbe23e1046106554c79f8c8659c
89,r_whois_phone,Domain_ff4a2654ba66a3808fd1cce0ec0ec1e1d9f8d54461a6f3f9c89b7572e9920d14,Whois_Phone_f6974ce3fa84ae76d75b9211f3162155db77566a36c82549b66a9a3d966a928b
90,r_whois_name,Domain_0a48163bfd17c17f021d2376d9a5243a476d6a078d0f7319fbd7af97e159c8d8,Whois_Name_db0925a5aeb1849fa7b41f7a29c1192d38e12e97fb6e82e72e894e3c733130ef
91,r_cert,Domain_7be30225660d771663c905e89a8f24603b7d03d9c5e973ebd1f9a6fbefc85c77,Cert_fe794a69eacd63b21245bf4eda826222fc6c5862bebf77aa05459cb308cfd063
92,r_whois_name,Domain_cd54f5b8d82f4f385a33dc32e9b72b02fadbf5fcd08405eed97eb24d5b132ed4,Whois_Name_d93c941eef173511e77515af6861025e9a2a52d597e27bf1825961c2690e66cd
93,r_whois_name,Domain_965b7d19e3e9b308a17a075efba549130dc714d3eb911274568b1812e8eedb09,Whois_Name_db0925a5aeb1849fa7b41f7a29c1192d38e12e97fb6e82e72e894e3c733130ef
94,r_cert,Domain_fb6a50df3820d9428907c808308a4a07677d0bfc9f8285625dec1b68c34bc6b6,Cert_fe794a69eacd63b21245bf4eda826222fc6c5862bebf77aa05459cb308cfd063
95,r_whois_name,Domain_61befc7014010dffed9239b8a133396e1a88fa822703b677b123268eb16be3f7,Whois_Name_db0925a5aeb1849fa7b41f7a29c1192d38e12e97fb6e82e72e894e3c733130ef
96,r_whois_phone,Domain_37a06b1d4f05018cd2bb50647d0e24e9c9dc5c0dbaf61222c2db0367faa8bbc2,Whois_Phone_f6974ce3fa84ae76d75b9211f3162155db77566a36c82549b66a9a3d966a928b
97,r_whois_name,Domain_edc6d94e12b9c68c9c4b69430f7e152404d06b5374ee3af75a5bf36c50cf3516,Whois_Name_d93c941eef173511e77515af6861025e9a2a52d597e27bf1825961c2690e66cd
98,r_cert,Domain_e7eaf66acbe67599e11ed3548e071031a55657c65959837914c5cbce3b4b0d6b,Cert_fe794a69eacd63b21245bf4eda826222fc6c5862bebf77aa05459cb308cfd063
99,r_cert,Domain_d05ccb7ced55e509b8998ed9f076e3ad9424ced5a86e5ef614618fe4f10785e4,Cert_fe794a69eacd63b21245bf4eda826222fc6c5862bebf77aa05459cb308cfd063
100,r_whois_email,Domain_868821b5955cf6ab089ece363978c151264008036615054c188ed199307963f5,Whois_Email_5a3d16b7df3d815d5f3436bd5dd5c5e1054ee7cb74d4fd8d9efdf3af362a4a18
101,r_subdomain,Domain_1d8e02f35e2cba9afb64a653aec2d7703559001c9d4f24c9b119eba50c47df10,Domain_110fb52a3afd8dbd4d2c36688306166f216e5a19362ae554addf7677ee568aea
102,r_whois_email,Domain_a23199abe7be107b209ee6e84edb0489d6f8f1d6c7f4b79e5c082df5e362dc6e,Whois_Email_5a3d16b7df3d815d5f3436bd5dd5c5e1054ee7cb74d4fd8d9efdf3af362a4a18
103,r_whois_email,Domain_02fdb7e5ddca4aff021de3a3b41e4aeea17eb9fae032e04ee71531ed19d9a55b,Whois_Email_5a3d16b7df3d815d5f3436bd5dd5c5e1054ee7cb74d4fd8d9efdf3af362a4a18
104,r_cert,Domain_1af571b08126316100c5881d0b6e2dc7e349572d3dc30623d117b6ba1e604f69,Cert_fe794a69eacd63b21245bf4eda826222fc6c5862bebf77aa05459cb308cfd063
105,r_whois_name,Domain_b1c947669d44356a1de8002a02adedc99c3c63328c4bf0c31cf3e54186bbeb26,Whois_Name_d93c941eef173511e77515af6861025e9a2a52d597e27bf1825961c2690e66cd
106,r_whois_phone,Domain_0c30d61616453c54253f375690812932d4242fe583e1d23e528a1adb21bd81f8,Whois_Phone_f6974ce3fa84ae76d75b9211f3162155db77566a36c82549b66a9a3d966a928b
107,r_cert,Domain_d7632006adfa48173b7791317e2c14bc5633a782816812fca33d198c5ac65844,Cert_9c2573ab65a8b7f2b29473065403aedc3a118a7fd1298c17c97513a23bf661f1
108,r_whois_name,Domain_3940b5d926daa306c2273e1c56583158aab1ba48279978f5051b87d92c630b27,Whois_Name_d93c941eef173511e77515af6861025e9a2a52d597e27bf1825961c2690e66cd
109,r_cert,Domain_85c180e988cbf6126e6824245c8f039a5d71a601b13369be9b118e91cf7db945,Cert_fe794a69eacd63b21245bf4eda826222fc6c5862bebf77aa05459cb308cfd063
110,r_whois_email,Domain_2df0a2aba2663829086ec913896127596f25e4dd8e76300fc7a086ea2fedad97,Whois_Email_5a3d16b7df3d815d5f3436bd5dd5c5e1054ee7cb74d4fd8d9efdf3af362a4a18
111,r_cert,Domain_c58c149eec59bb14b0c102a0f303d4c20366926b5c3206555d2937474124beb9,Cert_fe794a69eacd63b21245bf4eda826222fc6c5862bebf77aa05459cb308cfd063
112,r_dns_a,Domain_91de97019b99f9e4b03f9d1bec9fd8925b15a3687a10ea0124baab42e36170b7,IP_e9d4d0c9b504b782a7e04f78cf471fc52abba41c1330dec1bd5cfb583add10ce
113,r_whois_email,Domain_38f09ea90010124484f42ef3b9739b698bde4de26b505c523a03d08de19b9a67,Whois_Email_5a3d16b7df3d815d5f3436bd5dd5c5e1054ee7cb74d4fd8d9efdf3af362a4a18
114,r_whois_name,Domain_95711cebeac9f432a90cba7e3748308e62490f3960a6268d9d25666705494473,Whois_Name_d93c941eef173511e77515af6861025e9a2a52d597e27bf1825961c2690e66cd
115,r_cert,Domain_4fad61dbe90fb71e0d0b3e50e73eebb6f4b8747ca9f2282fc57356bea1232ca5,Cert_fe794a69eacd63b21245bf4eda826222fc6c5862bebf77aa05459cb308cfd063
116,r_whois_name,Domain_d8153f03fc26391bc3d07150141b2d0fbbe731e3e6fba71a3b93f8aea53a8a0b,Whois_Name_d93c941eef173511e77515af6861025e9a2a52d597e27bf1825961c2690e66cd
117,r_cert,Domain_545fb745c18247483dabfa10756313267bbf2511e646772892f33a086e80ee49,Cert_fe794a69eacd63b21245bf4eda826222fc6c5862bebf77aa05459cb308cfd063
118,r_whois_email,Domain_462a8fc006357a9d1f71836596f17d5b7ae1fdf2b7fa674140c26dc255ece828,Whois_Email_5a3d16b7df3d815d5f3436bd5dd5c5e1054ee7cb74d4fd8d9efdf3af362a4a18
119,r_whois_phone,Domain_5908b907c4faf7a2bbf7e2b9a25b29c52f085728777a65bc76b38ebfbce3aa2a,Whois_Phone_f6974ce3fa84ae76d75b9211f3162155db77566a36c82549b66a9a3d966a928b
120,r_dns_a,Domain_44ea0fc049750533fd490ba1b1867062d168c57e36f5ce40469512800c4a2f27,IP_69a9464a6a800a5bd8a3635e8912467cb0c447cb90d3efe4adf77f3b4d9b6901
121,r_dns_a,Domain_32ef6b395c5e272a588c5acad24eb95138902568ee9570449f10b8aa05617ded,IP_94fb4d47d3920b6a5b74a8ce9e304377460fdffdf6582eca97eda2037bbe0b47
122,r_whois_name,Domain_d210c0436142ab192c78dff4afebbee0e583c4cd1824060fb90efec65c3d586e,Whois_Name_d93c941eef173511e77515af6861025e9a2a52d597e27bf1825961c2690e66cd
123,r_whois_name,Domain_368a55098f8069d40771f440ec5af02ab2eaf880061c78ea1b5c940c383fb23c,Whois_Name_d93c941eef173511e77515af6861025e9a2a52d597e27bf1825961c2690e66cd
124,r_whois_name,Domain_a23199abe7be107b209ee6e84edb0489d6f8f1d6c7f4b79e5c082df5e362dc6e,Whois_Name_db0925a5aeb1849fa7b41f7a29c1192d38e12e97fb6e82e72e894e3c733130ef
125,r_whois_name,Domain_02fdb7e5ddca4aff021de3a3b41e4aeea17eb9fae032e04ee71531ed19d9a55b,Whois_Name_db0925a5aeb1849fa7b41f7a29c1192d38e12e97fb6e82e72e894e3c733130ef
126,r_cert,Domain_91bb6e670c99b428f8223db91b6dbbf89b4e25c4f452ed8f4db706cd6605866c,Cert_fe794a69eacd63b21245bf4eda826222fc6c5862bebf77aa05459cb308cfd063
127,r_cert,Domain_5ee258d1b160d2d31a371e34515325e24baf420def9cfbc84dea407fd3eea642,Cert_fe794a69eacd63b21245bf4eda826222fc6c5862bebf77aa05459cb308cfd063
128,r_whois_email,Domain_762f1b0b8221a91e2e8a8e10aea0544f903b75f516816a9eaa2785c71924a5de,Whois_Email_62fe1d0691991999225c173a7c6b4da96e9d590457cfb31befb84fc0e980c15e
129,r_cname,Domain_366244592364299707e33731d928c96df664d8beabce7066f2399687d9c81261,Domain_f3554b666038baffa5814c319d3053ee2c2eb30d31d0ef509a1a463386b69845
130,r_cert,Domain_2a982c9fb9497064b6ee3363b336e0b38563722dd390d734d9bcd0262697bb90,Cert_fe794a69eacd63b21245bf4eda826222fc6c5862bebf77aa05459cb308cfd063
131,r_cert,Domain_9b137c5215788c8e66a5ea2d45c7ec3af81d5b1521610b166b109a6701324742,Cert_90251c3412b1d10fed822153d9877b1dcb2eed0b35c174b2b1f8b1a58de9bc7f
132,r_whois_phone,Domain_e5e34ad079fa8e284b47409407dde50949da066862dbb1a83f0e1f4a31ae2cf3,Whois_Phone_f6974ce3fa84ae76d75b9211f3162155db77566a36c82549b66a9a3d966a928b
133,r_whois_email,Domain_a2d2208c5348b93e3ddc90439ae6c7eda49cde8c4e1e35609d978e3c3209156b,Whois_Email_5a3d16b7df3d815d5f3436bd5dd5c5e1054ee7cb74d4fd8d9efdf3af362a4a18
134,r_whois_name,Domain_ea7d132bd5f2cd55f5daeb425f86bc58defd842585eea72a7b50b599af02d054,Whois_Name_d93c941eef173511e77515af6861025e9a2a52d597e27bf1825961c2690e66cd
135,r_cert,Domain_ef009d056f7c9b31e8d62c8eedfeb6cbc43d8c2b10dadf85990b5d555b423007,Cert_fe794a69eacd63b21245bf4eda826222fc6c5862bebf77aa05459cb308cfd063
136,r_dns_a,Domain_b6ae03c6b2e79be5e1f2b2938fb27069996d9a29daa6e3e8f63da65a7baba520,IP_fd1466e72d137176ee7d85c8b1d286fdfba318ff80048df9c18155704c997088
137,r_whois_name,Domain_ff2fa8cf815e713ef07aeee4ed737df7a597068a56c15ab2569056cd12c10276,Whois_Name_d93c941eef173511e77515af6861025e9a2a52d597e27bf1825961c2690e66cd
138,r_whois_name,Domain_462a8fc006357a9d1f71836596f17d5b7ae1fdf2b7fa674140c26dc255ece828,Whois_Name_db0925a5aeb1849fa7b41f7a29c1192d38e12e97fb6e82e72e894e3c733130ef
139,r_whois_name,Domain_51a761f0f7f26ca8a639805e3bfe7b0898e69e24542085d920f1ad54055aa8ec,Whois_Name_db0925a5aeb1849fa7b41f7a29c1192d38e12e97fb6e82e72e894e3c733130ef
140,r_whois_name,Domain_9a23a0544d680a44ec24bcc3fffb9834702d31b10afd88b77d7a492ff6d529e5,Whois_Name_d93c941eef173511e77515af6861025e9a2a52d597e27bf1825961c2690e66cd
141,r_cname,Domain_dd8939ede57b0c0f8a387609441c69399a0ef4ab7516a6e927b8b86d10a95b12,Domain_bc9c0f77d9f87ea79b2f49a0f3079e7e93fbf06162d7cd89066ae95a18ce05cf
142,r_whois_phone,Domain_a82088b39ae05a1f65d433d9ab15462394572bb6b5a8f705be9880033dde161d,Whois_Phone_f6974ce3fa84ae76d75b9211f3162155db77566a36c82549b66a9a3d966a928b
143,r_whois_email,Domain_9db8398ed3ef916a79f1946e0b8520605891a6f642c2696b0d0670801be18c75,Whois_Email_62fe1d0691991999225c173a7c6b4da96e9d590457cfb31befb84fc0e980c15e
144,r_whois_name,Domain_91de97019b99f9e4b03f9d1bec9fd8925b15a3687a10ea0124baab42e36170b7,Whois_Name_db0925a5aeb1849fa7b41f7a29c1192d38e12e97fb6e82e72e894e3c733130ef
145,r_cert,Domain_b590ad34b4511bf38869db849d14f11df122359e36ee5a8985d8bd22286dbc13,Cert_fe794a69eacd63b21245bf4eda826222fc6c5862bebf77aa05459cb308cfd063
146,r_cert,Domain_5eb6f7bd6148c9afee4ea436bd4b086cbfa069688e1b9b3f081f42a6d2f842fe,Cert_fe794a69eacd63b21245bf4eda826222fc6c5862bebf77aa05459cb308cfd063
147,r_cert,Domain_91de97019b99f9e4b03f9d1bec9fd8925b15a3687a10ea0124baab42e36170b7,Cert_392d981eaf712a3ecb8553b3b90974d538e484bad7ccff19f6ef89d1b6456226
148,r_whois_name,Domain_9b782d5e1bfb396464c1f38ab452c684e9c725ed147a19a21eec06f3e47fed1d,Whois_Name_d93c941eef173511e77515af6861025e9a2a52d597e27bf1825961c2690e66cd
149,r_whois_email,Domain_51a761f0f7f26ca8a639805e3bfe7b0898e69e24542085d920f1ad54055aa8ec,Whois_Email_5a3d16b7df3d815d5f3436bd5dd5c5e1054ee7cb74d4fd8d9efdf3af362a4a18
150,r_whois_email,Domain_f566bc4852b9b623a60fc0655bbc5e8cf828ef9c6e2293f4d1ad89e4d5cb6466,Whois_Email_5a3d16b7df3d815d5f3436bd5dd5c5e1054ee7cb74d4fd8d9efdf3af362a4a18
151,r_whois_name,Domain_5aad56e78f39171b2e34e3472b6ef105094939ab63060247f3410a71d4272f9c,Whois_Name_d93c941eef173511e77515af6861025e9a2a52d597e27bf1825961c2690e66cd
152,r_cert,Domain_382505ab2bbd3e37cd8021e4e62877e3961752f03a3c54244aedf6f30d1e936a,Cert_fe794a69eacd63b21245bf4eda826222fc6c5862bebf77aa05459cb308cfd063
153,r_whois_email,Domain_631dd6392eb07714f0efaa984bae9dae042d77cfcbc70a7fdab2146fb509952a,Whois_Email_5a3d16b7df3d815d5f3436bd5dd5c5e1054ee7cb74d4fd8d9efdf3af362a4a18
154,r_whois_email,Domain_91de97019b99f9e4b03f9d1bec9fd8925b15a3687a10ea0124baab42e36170b7,Whois_Email_5a3d16b7df3d815d5f3436bd5dd5c5e1054ee7cb74d4fd8d9efdf3af362a4a18
155,r_whois_email,Domain_bca633fff4d2213ec91056f2fbe9b599c5b296d5914ab9139958fad9770b6153,Whois_Email_62fe1d0691991999225c173a7c6b4da96e9d590457cfb31befb84fc0e980c15e
156,r_whois_email,Domain_31ca322cc6d85224c18bf1b369afb4e4bc9e959c3d854454abc229940982cbfe,Whois_Email_62fe1d0691991999225c173a7c6b4da96e9d590457cfb31befb84fc0e980c15e
157,r_whois_name,Domain_a2d2208c5348b93e3ddc90439ae6c7eda49cde8c4e1e35609d978e3c3209156b,Whois_Name_db0925a5aeb1849fa7b41f7a29c1192d38e12e97fb6e82e72e894e3c733130ef
158,r_whois_name,Domain_9a29122f1eefd5d8dd1b20f14ca9b796608e7567fd769c94ab2e39143347e081,Whois_Name_db0925a5aeb1849fa7b41f7a29c1192d38e12e97fb6e82e72e894e3c733130ef
159,r_cert,Domain_5d386ea73417b324244d914e867967a691e5005ef23f0522d9bae5c1f6986efd,Cert_fe794a69eacd63b21245bf4eda826222fc6c5862bebf77aa05459cb308cfd063
160,r_cidr,IP_94fb4d47d3920b6a5b74a8ce9e304377460fdffdf6582eca97eda2037bbe0b47,IP_CIDR_49d294fbef2603b2c82189a6f066af77385549a0c1eed46d3fa85d9ffc43b3d6
161,r_whois_email,Domain_d636fcb7682f93eb26651a6b536543566fda0a0416166cea57de46a499003eee,Whois_Email_62fe1d0691991999225c173a7c6b4da96e9d590457cfb31befb84fc0e980c15e
162,r_whois_email,Domain_39dee509d29142caf91607613e7ff0ae8032944c338a5f7a42be54a7cdad16ff,Whois_Email_5a3d16b7df3d815d5f3436bd5dd5c5e1054ee7cb74d4fd8d9efdf3af362a4a18
163,r_whois_name,Domain_868821b5955cf6ab089ece363978c151264008036615054c188ed199307963f5,Whois_Name_db0925a5aeb1849fa7b41f7a29c1192d38e12e97fb6e82e72e894e3c733130ef
164,r_cidr,IP_180ec840d57b66390033e9f0145b6dc76a7213c42d0992faeaaf5719ba7273a2,IP_CIDR_a9831fae6d260c583ab0b1086472a75f39f52ddd8c8fcb4c8f428f7f085e1022
165,r_cert,Domain_6c5ff150bc43b13a395d50e0167dc323cf44eb678e39055b37cd1b4c9eeabcbb,Cert_fe794a69eacd63b21245bf4eda826222fc6c5862bebf77aa05459cb308cfd063
166,r_whois_email,Domain_9a29122f1eefd5d8dd1b20f14ca9b796608e7567fd769c94ab2e39143347e081,Whois_Email_5a3d16b7df3d815d5f3436bd5dd5c5e1054ee7cb74d4fd8d9efdf3af362a4a18
167,r_subdomain,Domain_110fb52a3afd8dbd4d2c36688306166f216e5a19362ae554addf7677ee568aea,Domain_1d8e02f35e2cba9afb64a653aec2d7703559001c9d4f24c9b119eba50c47df10
168,r_cert,Domain_155da2068f99263b358c836bfafb33e5f2b5e907a9975fca0cc82701da79ae22,Cert_fe794a69eacd63b21245bf4eda826222fc6c5862bebf77aa05459cb308cfd063
169,r_whois_name,Domain_6491cf46f73cfde0be83a5bc0a18dc12329b9641de651edd4b4724c7119debdb,Whois_Name_d93c941eef173511e77515af6861025e9a2a52d597e27bf1825961c2690e66cd
170,r_cname,Domain_61befc7014010dffed9239b8a133396e1a88fa822703b677b123268eb16be3f7,Domain_1d8e02f35e2cba9afb64a653aec2d7703559001c9d4f24c9b119eba50c47df10
171,r_whois_name,Domain_f566bc4852b9b623a60fc0655bbc5e8cf828ef9c6e2293f4d1ad89e4d5cb6466,Whois_Name_db0925a5aeb1849fa7b41f7a29c1192d38e12e97fb6e82e72e894e3c733130ef
172,r_whois_name,Domain_2df0a2aba2663829086ec913896127596f25e4dd8e76300fc7a086ea2fedad97,Whois_Name_db0925a5aeb1849fa7b41f7a29c1192d38e12e97fb6e82e72e894e3c733130ef
173,r_whois_name,Domain_631dd6392eb07714f0efaa984bae9dae042d77cfcbc70a7fdab2146fb509952a,Whois_Name_db0925a5aeb1849fa7b41f7a29c1192d38e12e97fb6e82e72e894e3c733130ef
174,r_whois_name,Domain_cdb894c5553266587e27d2a84565111719d9500a8c75596cdc3707334fad1eda,Whois_Name_db0925a5aeb1849fa7b41f7a29c1192d38e12e97fb6e82e72e894e3c733130ef
175,r_whois_name,Domain_a6e42f8160daabdd33039939e4f1326c919b60fd184a115d20968af7b65b8fc2,Whois_Name_d93c941eef173511e77515af6861025e9a2a52d597e27bf1825961c2690e66cd
176,r_whois_phone,Domain_965b7d19e3e9b308a17a075efba549130dc714d3eb911274568b1812e8eedb09,Whois_Phone_f6974ce3fa84ae76d75b9211f3162155db77566a36c82549b66a9a3d966a928b
177,r_whois_email,Domain_346980d240393d6eff4df9cef6e97941fb8ba4272d7ea878067a1519df04c354,Whois_Email_62fe1d0691991999225c173a7c6b4da96e9d590457cfb31befb84fc0e980c15e
178,r_whois_email,Domain_2ccd4aaa6c4d264795b0433b989a6cbf1e5aa9aacc336d6198b702deff7d8153,Whois_Email_62fe1d0691991999225c173a7c6b4da96e9d590457cfb31befb84fc0e980c15e
179,r_asn,IP_4388239df158d109a77362b1005f194160349eb19f4882e017c8316af464f9c2,ASN_0f9a2f1da2fbc85c054b28eed6800ae354d92ca6d24f07f7143a9bf7e1723d5d
180,r_cert,Domain_020536ba14ca996a9fa90f7ad6c52a7d47c9a598b2e3208544516d72fa102d53,Cert_fe794a69eacd63b21245bf4eda826222fc6c5862bebf77aa05459cb308cfd063
181,r_cert,Domain_e98b96e8529da08ee7ed9288a967f0b57938d917d536483f33b1c5f356af27a5,Cert_fe794a69eacd63b21245bf4eda826222fc6c5862bebf77aa05459cb308cfd063
182,r_asn,IP_fd1466e72d137176ee7d85c8b1d286fdfba318ff80048df9c18155704c997088,ASN_204fe77913b09bf54e1c2f00774ec8ca0cb2836ce0e422dc5a658c54cf5bf7f5
183,r_whois_phone,Domain_b3b822dbe9bb2f6d2fc73d971bb46e0764e1eabc0d1b39d9c9c382ffa3ef18c8,Whois_Phone_f6974ce3fa84ae76d75b9211f3162155db77566a36c82549b66a9a3d966a928b
184,r_whois_name,Domain_c7192213c2f7ba0ab539547679bbfab79920d200146ad6347dd669d8a6f60bea,Whois_Name_db0925a5aeb1849fa7b41f7a29c1192d38e12e97fb6e82e72e894e3c733130ef
185,r_whois_email,Domain_ef6a36adce3940eba868b053f48ec421dae5b9565c19757e592a9f2c878dac29,Whois_Email_5a3d16b7df3d815d5f3436bd5dd5c5e1054ee7cb74d4fd8d9efdf3af362a4a18
186,r_whois_email,Domain_cee489b4e75d3b79f86fc13516688cb4ed6a84e39f139f25014bf97c0d7bfbf1,Whois_Email_5a3d16b7df3d815d5f3436bd5dd5c5e1054ee7cb74d4fd8d9efdf3af362a4a18
187,r_whois_name,Domain_dac70a0469f212b5df51dfccaddbdca191d75d19c8703de9d47369627bcb8c03,Whois_Name_d93c941eef173511e77515af6861025e9a2a52d597e27bf1825961c2690e66cd
188,r_whois_email,Domain_cc264beae74491a9364869986774bd114d023b6e0dd22ab70489330b5962d021,Whois_Email_5a3d16b7df3d815d5f3436bd5dd5c5e1054ee7cb74d4fd8d9efdf3af362a4a18
189,r_whois_email,Domain_5bfd270749a2e0aa886a4b6959f2f6be59d13d5b122091949a6398d3f86c9b2f,Whois_Email_62fe1d0691991999225c173a7c6b4da96e9d590457cfb31befb84fc0e980c15e
190,r_cidr,IP_e9d4d0c9b504b782a7e04f78cf471fc52abba41c1330dec1bd5cfb583add10ce,IP_CIDR_26ab5adadae61886e3865acfe443c8dd71211cbbedc05fb843672bc2ca3dad6a
191,r_dns_a,Domain_1d8e02f35e2cba9afb64a653aec2d7703559001c9d4f24c9b119eba50c47df10,IP_94fb4d47d3920b6a5b74a8ce9e304377460fdffdf6582eca97eda2037bbe0b47
192,r_dns_a,Domain_bc9c0f77d9f87ea79b2f49a0f3079e7e93fbf06162d7cd89066ae95a18ce05cf,IP_2eec711d731faa1b677c62cb897e58cc1c296c1f9864abd447dec6b04b6cea0f
193,r_whois_name,Domain_f3554b666038baffa5814c319d3053ee2c2eb30d31d0ef509a1a463386b69845,Whois_Name_d93c941eef173511e77515af6861025e9a2a52d597e27bf1825961c2690e66cd
194,r_cname,Domain_af23525535ccfd70c339f0944089374081c0862fe603ebe737145e22a587c9f9,Domain_e5faee798ab94195e75d453c625b9778a33b5df78d7b2c28e012c689836cfe9a
195,r_whois_email,Domain_5c47689c9fea7d89bc1518e34b09b731d21a1e0320ae0d084e4dac3c951cd984,Whois_Email_62fe1d0691991999225c173a7c6b4da96e9d590457cfb31befb84fc0e980c15e
196,r_cert,Domain_908b3ecdc7ed08edb4a9af450fd37133f1a8e831b31f7194c5b75802081b13bc,Cert_fe794a69eacd63b21245bf4eda826222fc6c5862bebf77aa05459cb308cfd063
197,r_whois_name,Domain_8e68a7e36a616af95a91e427ed6822f812a9f468a81813f75d8bb6c15bbe9b16,Whois_Name_d93c941eef173511e77515af6861025e9a2a52d597e27bf1825961c2690e66cd
198,r_whois_email,Domain_7ab379123d184677806451bdfb5ad2f928ea9a5b47d37ff7e7a17a9eb5c5718d,Whois_Email_5a3d16b7df3d815d5f3436bd5dd5c5e1054ee7cb74d4fd8d9efdf3af362a4a18
199,r_whois_name,Domain_d9c651f7a366e30e6f4e9f2815ab906216c2b46f9ca3e03f0c4fc5583dcff0ee,Whois_Name_d93c941eef173511e77515af6861025e9a2a52d597e27bf1825961c2690e66cd
200,r_asn,IP_94fb4d47d3920b6a5b74a8ce9e304377460fdffdf6582eca97eda2037bbe0b47,ASN_1d624c9be374e9b85d0105f3fc5e474a305c294f11402195edd43d093b9d4ab9
201,r_dns_a,Domain_9b137c5215788c8e66a5ea2d45c7ec3af81d5b1521610b166b109a6701324742,IP_2eec711d731faa1b677c62cb897e58cc1c296c1f9864abd447dec6b04b6cea0f
202,r_whois_name,Domain_a862079db9fcb59b2b81b3a114aced6a857fd0adb30f434ff683b89f1e4abb7b,Whois_Name_db0925a5aeb1849fa7b41f7a29c1192d38e12e97fb6e82e72e894e3c733130ef
203,r_whois_email,Domain_d1773bc258ac5f800453b58a3ee402e36c1be7fc3548f62eb97ad8ec269c7fa4,Whois_Email_62fe1d0691991999225c173a7c6b4da96e9d590457cfb31befb84fc0e980c15e
204,r_cert,Domain_f93a95e513eca72533cf18a9701c9a10509527b4c3f6f5a857381b1cc493221e,Cert_fe794a69eacd63b21245bf4eda826222fc6c5862bebf77aa05459cb308cfd063
205,r_subdomain,Domain_807a8a1a5282607c2063a5b0365268b25f0f62d61741a3e25244840595f10dc3,Domain_44ea0fc049750533fd490ba1b1867062d168c57e36f5ce40469512800c4a2f27
206,r_cert,Domain_a8eb23ed9e383939205ecc761cd0eebf7f364052b28aa3d2c934cc6f87b8eb92,Cert_fe794a69eacd63b21245bf4eda826222fc6c5862bebf77aa05459cb308cfd063
207,r_cert,Domain_acc772f2643384f2b28e836c2d2d44eddb20ce8485cdfb05a01d5579062b713b,Cert_fe794a69eacd63b21245bf4eda826222fc6c5862bebf77aa05459cb308cfd063
208,r_cert,Domain_61befc7014010dffed9239b8a133396e1a88fa822703b677b123268eb16be3f7,Cert_fe794a69eacd63b21245bf4eda826222fc6c5862bebf77aa05459cb308cfd063
209,r_cert,Domain_44c00298026900833964aee87dff1054feb17d51d16d6c1305f1ecdecfcf2eae,Cert_fe794a69eacd63b21245bf4eda826222fc6c5862bebf77aa05459cb308cfd063
210,r_whois_email,Domain_a862079db9fcb59b2b81b3a114aced6a857fd0adb30f434ff683b89f1e4abb7b,Whois_Email_5a3d16b7df3d815d5f3436bd5dd5c5e1054ee7cb74d4fd8d9efdf3af362a4a18
211,r_cert,Domain_79abe5275531c63ee368e83b812301551c274b4cf136e76244cfba184be29183,Cert_fe794a69eacd63b21245bf4eda826222fc6c5862bebf77aa05459cb308cfd063
212,r_whois_name,Domain_39dee509d29142caf91607613e7ff0ae8032944c338a5f7a42be54a7cdad16ff,Whois_Name_db0925a5aeb1849fa7b41f7a29c1192d38e12e97fb6e82e72e894e3c733130ef
213,r_whois_email,Domain_735c302f5a08dd63fed995162be9f3a9d408cb47fcd2b7914552e6824d122d95,Whois_Email_62fe1d0691991999225c173a7c6b4da96e9d590457cfb31befb84fc0e980c15e
214,r_dns_a,Domain_cee489b4e75d3b79f86fc13516688cb4ed6a84e39f139f25014bf97c0d7bfbf1,IP_e9d4d0c9b504b782a7e04f78cf471fc52abba41c1330dec1bd5cfb583add10ce
215,r_whois_phone,Domain_2df0a2aba2663829086ec913896127596f25e4dd8e76300fc7a086ea2fedad97,Whois_Phone_f6974ce3fa84ae76d75b9211f3162155db77566a36c82549b66a9a3d966a928b
216,r_cert,Domain_a71091f5759ed561630df961cc82f00c0f8bb077e90c346c9486039b1c87e55a,Cert_fe794a69eacd63b21245bf4eda826222fc6c5862bebf77aa05459cb308cfd063
217,r_whois_phone,Domain_38f09ea90010124484f42ef3b9739b698bde4de26b505c523a03d08de19b9a67,Whois_Phone_f6974ce3fa84ae76d75b9211f3162155db77566a36c82549b66a9a3d966a928b
218,r_whois_email,Domain_6a8c811baaf827874bb2c485018bfdeff9cfc6b4434265cd2ec17aa32c8eea57,Whois_Email_5a3d16b7df3d815d5f3436bd5dd5c5e1054ee7cb74d4fd8d9efdf3af362a4a18
219,r_dns_a,Domain_4a17a04e1db069c8eee11f9506ffa28eb0e7b2ec45d56a554598e236313e3a6f,IP_fd1466e72d137176ee7d85c8b1d286fdfba318ff80048df9c18155704c997088
220,r_cert,Domain_d25515b43d0f15edf5676fb6f118f92cc9ff5a592f5dc6cfbb2555957b2dfc93,Cert_fe794a69eacd63b21245bf4eda826222fc6c5862bebf77aa05459cb308cfd063
221,r_whois_name,Domain_d435ce803df6c79546c4f41eef430054d33aaf8dd3a40940ae4ac03dd232cf9a,Whois_Name_d93c941eef173511e77515af6861025e9a2a52d597e27bf1825961c2690e66cd
222,r_whois_name,Domain_b82905b233f6e8415394663434d71b6bf12fd5fac87c133863d2b374ca65edaa,Whois_Name_d93c941eef173511e77515af6861025e9a2a52d597e27bf1825961c2690e66cd
223,r_whois_email,Domain_dd3b36efc1967d5e25150997f34e71af13553c29330302d9ac63436742f6ce46,Whois_Email_62fe1d0691991999225c173a7c6b4da96e9d590457cfb31befb84fc0e980c15e
224,r_whois_email,Domain_5c522455cac4ee6870ffd9a6f9568c86394744df821291928eb4ff8a779efbb3,Whois_Email_5a3d16b7df3d815d5f3436bd5dd5c5e1054ee7cb74d4fd8d9efdf3af362a4a18
225,r_whois_email,Domain_db7146ee8e19d2f52c5d74787c8acb58570aeb20b0d1bd4e5b6c2b9313795807,Whois_Email_5a3d16b7df3d815d5f3436bd5dd5c5e1054ee7cb74d4fd8d9efdf3af362a4a18
226,r_whois_name,Domain_7ec28bec87e9af2e9ad31af2eaecbf98baaf96ee117effed4f873047473fe016,Whois_Name_d93c941eef173511e77515af6861025e9a2a52d597e27bf1825961c2690e66cd
227,r_whois_name,Domain_04ca50b198743a81ac9be096235e1de24bf419eca6ada053b50f5193759ec0f2,Whois_Name_d93c941eef173511e77515af6861025e9a2a52d597e27bf1825961c2690e66cd
228,r_whois_name,Domain_23f024c125e97f6530f183b7e08e1e428f001a9d3b3517a0df5a476b935f4c24,Whois_Name_db0925a5aeb1849fa7b41f7a29c1192d38e12e97fb6e82e72e894e3c733130ef
229,r_dns_a,Domain_dd8939ede57b0c0f8a387609441c69399a0ef4ab7516a6e927b8b86d10a95b12,IP_2eec711d731faa1b677c62cb897e58cc1c296c1f9864abd447dec6b04b6cea0f
230,r_subdomain,Domain_807a8a1a5282607c2063a5b0365268b25f0f62d61741a3e25244840595f10dc3,Domain_d7632006adfa48173b7791317e2c14bc5633a782816812fca33d198c5ac65844
231,r_whois_email,Domain_f0b2379af26353db01ce9f64cd83a00a0c688356a1ccb25d5aa6f7ef588b2823,Whois_Email_62fe1d0691991999225c173a7c6b4da96e9d590457cfb31befb84fc0e980c15e
232,r_subdomain,Domain_807a8a1a5282607c2063a5b0365268b25f0f62d61741a3e25244840595f10dc3,Domain_f3554b666038baffa5814c319d3053ee2c2eb30d31d0ef509a1a463386b69845
233,r_whois_name,Domain_5c522455cac4ee6870ffd9a6f9568c86394744df821291928eb4ff8a779efbb3,Whois_Name_db0925a5aeb1849fa7b41f7a29c1192d38e12e97fb6e82e72e894e3c733130ef
234,r_whois_name,Domain_db7146ee8e19d2f52c5d74787c8acb58570aeb20b0d1bd4e5b6c2b9313795807,Whois_Name_db0925a5aeb1849fa7b41f7a29c1192d38e12e97fb6e82e72e894e3c733130ef
235,r_whois_name,Domain_bca633fff4d2213ec91056f2fbe9b599c5b296d5914ab9139958fad9770b6153,Whois_Name_d93c941eef173511e77515af6861025e9a2a52d597e27bf1825961c2690e66cd
236,r_whois_email,Domain_aff80b16a1cbfd91ab3a158048e5c99d4a053ab9ea757ed84141fa7a39e3411c,Whois_Email_5a3d16b7df3d815d5f3436bd5dd5c5e1054ee7cb74d4fd8d9efdf3af362a4a18
237,r_whois_name,Domain_cee489b4e75d3b79f86fc13516688cb4ed6a84e39f139f25014bf97c0d7bfbf1,Whois_Name_db0925a5aeb1849fa7b41f7a29c1192d38e12e97fb6e82e72e894e3c733130ef
238,r_cert,Domain_87f4e087032267041463f6786c095fa5d5e5c8cc4a491497f023220442ab6dda,Cert_fe794a69eacd63b21245bf4eda826222fc6c5862bebf77aa05459cb308cfd063
239,r_whois_email,Domain_533d6eb916dec38d68aa3af35bf9e70953790a04ed85db86299aa74f56bf31a4,Whois_Email_5a3d16b7df3d815d5f3436bd5dd5c5e1054ee7cb74d4fd8d9efdf3af362a4a18
240,r_cert_chain,Cert_392d981eaf712a3ecb8553b3b90974d538e484bad7ccff19f6ef89d1b6456226,Cert_c01f10c61adcaa00ba6d4b85d30ec802bae76597915d7da4f8f094714ab0c597
241,r_whois_name,Domain_cc264beae74491a9364869986774bd114d023b6e0dd22ab70489330b5962d021,Whois_Name_db0925a5aeb1849fa7b41f7a29c1192d38e12e97fb6e82e72e894e3c733130ef
242,r_dns_a,Domain_1d8e02f35e2cba9afb64a653aec2d7703559001c9d4f24c9b119eba50c47df10,IP_8825af1b085a177c9fbe38f62c83937cb896fd4c46cc6726fd9c641e5c0fea60
243,r_asn,IP_e9d4d0c9b504b782a7e04f78cf471fc52abba41c1330dec1bd5cfb583add10ce,ASN_3acb98d8043248d884b0236acff6e75a199b89dff521dcc142d59df236c7992e
244,r_whois_email,Domain_b9e35a9d38e6b0355b22c83cf52f57eb8b6df492e8f08d171e7ec67112684133,Whois_Email_5a3d16b7df3d815d5f3436bd5dd5c5e1054ee7cb74d4fd8d9efdf3af362a4a18
245,r_whois_phone,Domain_c58c149eec59bb14b0c102a0f303d4c20366926b5c3206555d2937474124beb9,Whois_Phone_f6974ce3fa84ae76d75b9211f3162155db77566a36c82549b66a9a3d966a928b
246,r_whois_phone,Domain_ab191669a5554728bbfbfe823af06365873bcee68ec84abdad22976c072582d4,Whois_Phone_f6974ce3fa84ae76d75b9211f3162155db77566a36c82549b66a9a3d966a928b
247,r_cert,Domain_f3554b666038baffa5814c319d3053ee2c2eb30d31d0ef509a1a463386b69845,Cert_392d981eaf712a3ecb8553b3b90974d538e484bad7ccff19f6ef89d1b6456226
248,r_whois_email,Domain_1d8e02f35e2cba9afb64a653aec2d7703559001c9d4f24c9b119eba50c47df10,Whois_Email_91e0f65f5e2ade2b90edc1f31fe989f138a39f35650688c2da28ebb5ba29a7d8
249,r_whois_name,Domain_7ab379123d184677806451bdfb5ad2f928ea9a5b47d37ff7e7a17a9eb5c5718d,Whois_Name_db0925a5aeb1849fa7b41f7a29c1192d38e12e97fb6e82e72e894e3c733130ef
250,r_whois_name,Domain_5a41766995f5a19011683ad6fb27a36d0444265535ce440cfdc48924346188d6,Whois_Name_d93c941eef173511e77515af6861025e9a2a52d597e27bf1825961c2690e66cd
251,r_whois_phone,Domain_a30f481a517b5b77d9877379e59470a6519b179bd75c0f4053764270268bbafc,Whois_Phone_f6974ce3fa84ae76d75b9211f3162155db77566a36c82549b66a9a3d966a928b
252,r_dns_a,Domain_f3554b666038baffa5814c319d3053ee2c2eb30d31d0ef509a1a463386b69845,IP_e9d4d0c9b504b782a7e04f78cf471fc52abba41c1330dec1bd5cfb583add10ce
253,r_cert,Domain_3625707c9cee7f808750ba4ef850ae3086e3ba714d7642b4c91b23b8be304b9d,Cert_fe794a69eacd63b21245bf4eda826222fc6c5862bebf77aa05459cb308cfd063
254,r_whois_email,Domain_10199f8a50340406fd6ea8762fa3629f5e6414fa09266b47aff99ae4187b4f9e,Whois_Email_5a3d16b7df3d815d5f3436bd5dd5c5e1054ee7cb74d4fd8d9efdf3af362a4a18
255,r_whois_name,Domain_6bdbb6ba871f392b98bffb695e0e9c3d542625c7308ec80e57a8e2582bbc11fd,Whois_Name_d93c941eef173511e77515af6861025e9a2a52d597e27bf1825961c2690e66cd
256,r_whois_email,Domain_af51eaa02d119dbf3a558d276e90963b7f45a24d6147a6c72099adc344e508b0,Whois_Email_5a3d16b7df3d815d5f3436bd5dd5c5e1054ee7cb74d4fd8d9efdf3af362a4a18
257,r_whois_email,Domain_d5dc0fa8190877f379c5b7d6f90a72f5e9274361db5721ea36cb6f312812b3b1,Whois_Email_62fe1d0691991999225c173a7c6b4da96e9d590457cfb31befb84fc0e980c15e
258,r_whois_name,Domain_aff80b16a1cbfd91ab3a158048e5c99d4a053ab9ea757ed84141fa7a39e3411c,Whois_Name_db0925a5aeb1849fa7b41f7a29c1192d38e12e97fb6e82e72e894e3c733130ef
259,r_subdomain,Domain_61befc7014010dffed9239b8a133396e1a88fa822703b677b123268eb16be3f7,Domain_c58c149eec59bb14b0c102a0f303d4c20366926b5c3206555d2937474124beb9
260,r_whois_name,Domain_58d55858d7c627504348be17357835743ff3dc6da02f673b546137cb1d43e8d2,Whois_Name_db0925a5aeb1849fa7b41f7a29c1192d38e12e97fb6e82e72e894e3c733130ef
261,r_cert,Domain_ec420d5e9d2fb5038bea04f99bd246466411ed631a0fef170980f2273bb41b80,Cert_fe794a69eacd63b21245bf4eda826222fc6c5862bebf77aa05459cb308cfd063
262,r_cert,Domain_930aa20043c31bd53df0a31def8f95362fcc739d970cfcfa7641cc6ed68d18c9,Cert_fe794a69eacd63b21245bf4eda826222fc6c5862bebf77aa05459cb308cfd063
263,r_whois_name,Domain_9ede780dafe0b5ad04a21757988ed655266a4a7c53a681c86896d1c512992d1d,Whois_Name_d93c941eef173511e77515af6861025e9a2a52d597e27bf1825961c2690e66cd
264,r_whois_name,Domain_968e388644bf824337c68f006dae0bea4209e230d9cd255de478229647a64e29,Whois_Name_d93c941eef173511e77515af6861025e9a2a52d597e27bf1825961c2690e66cd
265,r_cert,Domain_cc8daa5b4af3025492678a9d47df623be2be02dff86e12a426426af183b49b77,Cert_fe794a69eacd63b21245bf4eda826222fc6c5862bebf77aa05459cb308cfd063
266,r_whois_name,Domain_7b9782a949648d53c9a067be0f383d69569c6fb513ced863be510ab7f10c5e46,Whois_Name_d93c941eef173511e77515af6861025e9a2a52d597e27bf1825961c2690e66cd
267,r_whois_name,Domain_b9e35a9d38e6b0355b22c83cf52f57eb8b6df492e8f08d171e7ec67112684133,Whois_Name_db0925a5aeb1849fa7b41f7a29c1192d38e12e97fb6e82e72e894e3c733130ef
268,r_cert,Domain_59036f873cbec84b8de9656316034384143a2efa58018c7a16cca7b464d0ef91,Cert_fe794a69eacd63b21245bf4eda826222fc6c5862bebf77aa05459cb308cfd063
269,r_whois_email,Domain_24882fc6210b140a2432a6ef795052b57de43cef2a8616ac8f7ac29b20dc069b,Whois_Email_62fe1d0691991999225c173a7c6b4da96e9d590457cfb31befb84fc0e980c15e
270,r_whois_email,Domain_98faf684e62d057463783d4199e5459f4ce433a9954eddddf1b6c1792418ba08,Whois_Email_62fe1d0691991999225c173a7c6b4da96e9d590457cfb31befb84fc0e980c15e
271,r_cert,Domain_284595100b57d1222addcd569d42422f7545b636a99dcb40291758fecc709082,Cert_fe794a69eacd63b21245bf4eda826222fc6c5862bebf77aa05459cb308cfd063
272,r_whois_phone,Domain_961cc51c9d7f1cd91596f73356b5b4039deab7b78a97d33f413262020c2aadb1,Whois_Phone_f6974ce3fa84ae76d75b9211f3162155db77566a36c82549b66a9a3d966a928b
273,r_whois_name,Domain_6a8c811baaf827874bb2c485018bfdeff9cfc6b4434265cd2ec17aa32c8eea57,Whois_Name_db0925a5aeb1849fa7b41f7a29c1192d38e12e97fb6e82e72e894e3c733130ef
274,r_whois_name,Domain_533d6eb916dec38d68aa3af35bf9e70953790a04ed85db86299aa74f56bf31a4,Whois_Name_db0925a5aeb1849fa7b41f7a29c1192d38e12e97fb6e82e72e894e3c733130ef
275,r_whois_phone,Domain_c1af67f1e07694bdaef275df2896ff1511a3fea83935e8dc7b44d17a49c1487a,Whois_Phone_f6974ce3fa84ae76d75b9211f3162155db77566a36c82549b66a9a3d966a928b
276,r_cert,Domain_756332c3cc5cdf9c1fcee5abda898667164dc62294793da41e31911862d200c9,Cert_fe794a69eacd63b21245bf4eda826222fc6c5862bebf77aa05459cb308cfd063
277,r_cert,Domain_1b18b79caef86573701e3bd7b5fcdda58529905b5527f710d72a7a9343cb0231,Cert_fe794a69eacd63b21245bf4eda826222fc6c5862bebf77aa05459cb308cfd063
278,r_whois_name,Domain_10199f8a50340406fd6ea8762fa3629f5e6414fa09266b47aff99ae4187b4f9e,Whois_Name_db0925a5aeb1849fa7b41f7a29c1192d38e12e97fb6e82e72e894e3c733130ef
279,r_whois_name,Domain_3e1a17bf0d9ef232875c72ec7f887e330e5ea9b3e7902766c2a6aea0d735b1ad,Whois_Name_d93c941eef173511e77515af6861025e9a2a52d597e27bf1825961c2690e66cd
280,r_whois_email,Domain_07095e444e814ab1d40e693c9af393ca4e50d2bd55ad02451df5ae129d210f44,Whois_Email_5a3d16b7df3d815d5f3436bd5dd5c5e1054ee7cb74d4fd8d9efdf3af362a4a18
281,r_cert,Domain_a0df583a4ed9729541dd43275a4b795cf6a195305f76a5bc9b2b46e41eb6da87,Cert_fe794a69eacd63b21245bf4eda826222fc6c5862bebf77aa05459cb308cfd063
282,r_whois_email,Domain_9a1954f84e6070174caa0614e0b79bfac42c4416ae8f200836749ae05a3c492c,Whois_Email_5a3d16b7df3d815d5f3436bd5dd5c5e1054ee7cb74d4fd8d9efdf3af362a4a18
283,r_whois_name,Domain_7048137ed28817bfa589ad453edfa432f765823fc4655641fbcbf45a81048d1d,Whois_Name_d93c941eef173511e77515af6861025e9a2a52d597e27bf1825961c2690e66cd
284,r_whois_name,Domain_3173cc5c761002c039e1a3fdc4ef83d0b60c30872d77bdc948dff6aaf9c9d3d5,Whois_Name_d93c941eef173511e77515af6861025e9a2a52d597e27bf1825961c2690e66cd
285,r_whois_phone,Domain_ddf389bc4953d1d3a9d267d0ff9332182adb9e93f41444fa65f53294daebc806,Whois_Phone_f6974ce3fa84ae76d75b9211f3162155db77566a36c82549b66a9a3d966a928b
286,r_whois_email,Domain_3c3e7ac3dd353eccf0142dbc13fa1a2ed30d74fea083b74d9b9a417824b84606,Whois_Email_5a3d16b7df3d815d5f3436bd5dd5c5e1054ee7cb74d4fd8d9efdf3af362a4a18
287,r_whois_phone,Domain_db7146ee8e19d2f52c5d74787c8acb58570aeb20b0d1bd4e5b6c2b9313795807,Whois_Phone_f6974ce3fa84ae76d75b9211f3162155db77566a36c82549b66a9a3d966a928b
288,r_subdomain,Domain_807a8a1a5282607c2063a5b0365268b25f0f62d61741a3e25244840595f10dc3,Domain_b6ae03c6b2e79be5e1f2b2938fb27069996d9a29daa6e3e8f63da65a7baba520
289,r_cert,Domain_6ec119f6e149160f3495ea453011003e6b72ed2974713fc0ab3a12264cb75ef1,Cert_fe794a69eacd63b21245bf4eda826222fc6c5862bebf77aa05459cb308cfd063
290,r_whois_email,Domain_a7eb1ab42b77f5806e61efe29fefa61bb58686f00f241c1753e7f399448e90f7,Whois_Email_62fe1d0691991999225c173a7c6b4da96e9d590457cfb31befb84fc0e980c15e
291,r_dns_a,Domain_e5faee798ab94195e75d453c625b9778a33b5df78d7b2c28e012c689836cfe9a,IP_94fb4d47d3920b6a5b74a8ce9e304377460fdffdf6582eca97eda2037bbe0b47
292,r_cert,Domain_43f06b2457c2f77c3372662884a48e57edf2612f7c18e37ceb2816e39ed4a708,Cert_fe794a69eacd63b21245bf4eda826222fc6c5862bebf77aa05459cb308cfd063
293,r_whois_email,Domain_dbce24447a3715aba967bb26381be598583095b1fdfed661942cb66bff52a000,Whois_Email_62fe1d0691991999225c173a7c6b4da96e9d590457cfb31befb84fc0e980c15e
294,r_whois_email,Domain_69beaab42d79298fc6222236dc32fe08d15935f63448d116987d0759794e3696,Whois_Email_5a3d16b7df3d815d5f3436bd5dd5c5e1054ee7cb74d4fd8d9efdf3af362a4a18
295,r_whois_name,Domain_07095e444e814ab1d40e693c9af393ca4e50d2bd55ad02451df5ae129d210f44,Whois_Name_db0925a5aeb1849fa7b41f7a29c1192d38e12e97fb6e82e72e894e3c733130ef
296,r_whois_phone,Domain_1d8e02f35e2cba9afb64a653aec2d7703559001c9d4f24c9b119eba50c47df10,Whois_Phone_3c7409957132fe5ac233d4dd715dd018be212923b746abf8a94a96eb905fb8fb
297,r_whois_name,Domain_735c4771683e674e92ea551c4200f45eecad99b1fac38b3a95a9e987f6d9da5a,Whois_Name_d93c941eef173511e77515af6861025e9a2a52d597e27bf1825961c2690e66cd
298,r_whois_name,Domain_8fd3f1902b7bbdada1733a21f72f2a8c44083308c04da0daae20cd9861b07100,Whois_Name_d93c941eef173511e77515af6861025e9a2a52d597e27bf1825961c2690e66cd
299,r_cert,Domain_d2d18cd2bdefa4d4e39399324ec33efd4b22f0852a7933c63d6bf45522adf488,Cert_fe794a69eacd63b21245bf4eda826222fc6c5862bebf77aa05459cb308cfd063
300,r_whois_name,Domain_346980d240393d6eff4df9cef6e97941fb8ba4272d7ea878067a1519df04c354,Whois_Name_d93c941eef173511e77515af6861025e9a2a52d597e27bf1825961c2690e66cd
301,r_whois_phone,Domain_23f024c125e97f6530f183b7e08e1e428f001a9d3b3517a0df5a476b935f4c24,Whois_Phone_f6974ce3fa84ae76d75b9211f3162155db77566a36c82549b66a9a3d966a928b
302,r_whois_name,Domain_3c3e7ac3dd353eccf0142dbc13fa1a2ed30d74fea083b74d9b9a417824b84606,Whois_Name_db0925a5aeb1849fa7b41f7a29c1192d38e12e97fb6e82e72e894e3c733130ef
303,r_subdomain,Domain_f46d307d274bb9a830daa368b0cd60b60b11a19245f69807b22270e54720699d,Domain_afd826ef13c05bc22f4781e7ad58b8cf5a2b66fc0b65b94cefee484aca14bcaf
304,r_whois_phone,Domain_61befc7014010dffed9239b8a133396e1a88fa822703b677b123268eb16be3f7,Whois_Phone_f6974ce3fa84ae76d75b9211f3162155db77566a36c82549b66a9a3d966a928b
305,r_cert,Domain_e6c620a856c6170cae31eb1327603111d0986b1a334a3e28c1ec79013a033729,Cert_fe794a69eacd63b21245bf4eda826222fc6c5862bebf77aa05459cb308cfd063
306,r_whois_email,Domain_b8e5ab786da2df272ec5ae73af2b674b14736d5427fc80ce26a0d06f0f066003,Whois_Email_5a3d16b7df3d815d5f3436bd5dd5c5e1054ee7cb74d4fd8d9efdf3af362a4a18
307,r_whois_email,Domain_6c58b4e54203c2c11533b919c6067d7fcb9cd64a0433d3d9e3cadac8d98d311c,Whois_Email_5a3d16b7df3d815d5f3436bd5dd5c5e1054ee7cb74d4fd8d9efdf3af362a4a18
308,r_cert,Domain_3d4959839cdfb53dad7d505810fd6fa25209c5e989ddedd70120fb0c8faf7a65,Cert_fe794a69eacd63b21245bf4eda826222fc6c5862bebf77aa05459cb308cfd063
309,r_whois_name,Domain_9a1954f84e6070174caa0614e0b79bfac42c4416ae8f200836749ae05a3c492c,Whois_Name_db0925a5aeb1849fa7b41f7a29c1192d38e12e97fb6e82e72e894e3c733130ef
310,r_cert,Domain_cae7a6f0b1663319263cbd02a23e9c72ba1f25dff4958257dea8e26fe34d1119,Cert_fe794a69eacd63b21245bf4eda826222fc6c5862bebf77aa05459cb308cfd063
311,r_whois_phone,Domain_44c636ff9b9f48ad5687710b70653f1a2eb3899e0848937c919c430d2c3b37e4,Whois_Phone_f6974ce3fa84ae76d75b9211f3162155db77566a36c82549b66a9a3d966a928b
312,r_whois_email,Domain_cdb894c5553266587e27d2a84565111719d9500a8c75596cdc3707334fad1eda,Whois_Email_5a3d16b7df3d815d5f3436bd5dd5c5e1054ee7cb74d4fd8d9efdf3af362a4a18
313,r_cert,Domain_74119c76848ac0fe74d95d9b21ce2aee41512108839ad06634cf2337170d6985,Cert_fe794a69eacd63b21245bf4eda826222fc6c5862bebf77aa05459cb308cfd063
314,r_cert,Domain_40a2a6455466d9c20d47ff149181db52c6db71e7dae6be3ba062adf99fc1deb3,Cert_fe794a69eacd63b21245bf4eda826222fc6c5862bebf77aa05459cb308cfd063
315,r_whois_name,Domain_47efbb0be0aa20ec19a7c7348f557fe6a2bf5715569802b1d95b5b8e38c1c8f4,Whois_Name_d93c941eef173511e77515af6861025e9a2a52d597e27bf1825961c2690e66cd
316,r_subdomain,Domain_807a8a1a5282607c2063a5b0365268b25f0f62d61741a3e25244840595f10dc3,Domain_d544953df628ea3b0268350be0b607e25f954435ac8582ab50205c7bc48c5685
317,r_whois_name,Domain_af51eaa02d119dbf3a558d276e90963b7f45a24d6147a6c72099adc344e508b0,Whois_Name_db0925a5aeb1849fa7b41f7a29c1192d38e12e97fb6e82e72e894e3c733130ef
318,r_whois_phone,Domain_0a48163bfd17c17f021d2376d9a5243a476d6a078d0f7319fbd7af97e159c8d8,Whois_Phone_f6974ce3fa84ae76d75b9211f3162155db77566a36c82549b66a9a3d966a928b
319,r_whois_name,Domain_f32b7d6808354890f0a35cb298a285823e8d3edee04794e080a59340beac8f83,Whois_Name_d93c941eef173511e77515af6861025e9a2a52d597e27bf1825961c2690e66cd
320,r_cert,Domain_607de31680e1c839b06d487e886dcadd5a650d30a7587c481296bcde7120bdb5,Cert_fe794a69eacd63b21245bf4eda826222fc6c5862bebf77aa05459cb308cfd063
321,r_whois_name,Domain_6d9559ff96fc8dc74793850796a0e48a33d87c29ad9ebc431a89fd0414747333,Whois_Name_d93c941eef173511e77515af6861025e9a2a52d597e27bf1825961c2690e66cd
322,r_whois_email,Domain_c7192213c2f7ba0ab539547679bbfab79920d200146ad6347dd669d8a6f60bea,Whois_Email_5a3d16b7df3d815d5f3436bd5dd5c5e1054ee7cb74d4fd8d9efdf3af362a4a18
323,r_whois_email,Domain_c5ee412dc070b09ec40ff13884116e6ef896eabcf9c5234160272823ab9edd9c,Whois_Email_5a3d16b7df3d815d5f3436bd5dd5c5e1054ee7cb74d4fd8d9efdf3af362a4a18
324,r_whois_email,Domain_3aa332c51634000666c571177aa69d79bcb6ef2f2738c1286c69809eade5541e,Whois_Email_62fe1d0691991999225c173a7c6b4da96e9d590457cfb31befb84fc0e980c15e
325,r_whois_email,Domain_16a3c8545732ca5cc0475714040bb4f4c0a04d7798bd440d2a00046f9d66aa78,Whois_Email_5a3d16b7df3d815d5f3436bd5dd5c5e1054ee7cb74d4fd8d9efdf3af362a4a18
326,r_whois_name,Domain_7b2e20d8c58154dd5280a6741112d7c0d5fb420e0fb8d7a6996ec1c6ac0e3a08,Whois_Name_d93c941eef173511e77515af6861025e9a2a52d597e27bf1825961c2690e66cd
327,r_cert,Domain_481da195396c1e2b80903c9619040bd6c3c3ab8fabf693c8dbe9fe05aa65d86a,Cert_fe794a69eacd63b21245bf4eda826222fc6c5862bebf77aa05459cb308cfd063
328,r_whois_email,Domain_ff4a2654ba66a3808fd1cce0ec0ec1e1d9f8d54461a6f3f9c89b7572e9920d14,Whois_Email_5a3d16b7df3d815d5f3436bd5dd5c5e1054ee7cb74d4fd8d9efdf3af362a4a18
329,r_cert,Domain_3f6e56b6d5af96a33b4529a1c717f0ea60d827a2251ca1d3df6272bfb2508de8,Cert_fe794a69eacd63b21245bf4eda826222fc6c5862bebf77aa05459cb308cfd063
330,r_whois_name,Domain_98faf684e62d057463783d4199e5459f4ce433a9954eddddf1b6c1792418ba08,Whois_Name_d93c941eef173511e77515af6861025e9a2a52d597e27bf1825961c2690e66cd
331,r_cert,Domain_5d47d5a4b87a616b43baf6d9f17bdfb09efd9097515066e4dfbe36bb22ba88b0,Cert_fe794a69eacd63b21245bf4eda826222fc6c5862bebf77aa05459cb308cfd063
332,r_whois_name,Domain_6fb0f7a277e40d065409642924711dad150594c5a987801786da2980a287e245,Whois_Name_d93c941eef173511e77515af6861025e9a2a52d597e27bf1825961c2690e66cd
333,r_cert,Domain_cee489b4e75d3b79f86fc13516688cb4ed6a84e39f139f25014bf97c0d7bfbf1,Cert_392d981eaf712a3ecb8553b3b90974d538e484bad7ccff19f6ef89d1b6456226
334,r_whois_name,Domain_923e1957be633d257b68b7261877d8f8a158f74ae21559550d189028826e72ca,Whois_Name_d93c941eef173511e77515af6861025e9a2a52d597e27bf1825961c2690e66cd
335,r_whois_email,Domain_368a55098f8069d40771f440ec5af02ab2eaf880061c78ea1b5c940c383fb23c,Whois_Email_62fe1d0691991999225c173a7c6b4da96e9d590457cfb31befb84fc0e980c15e
336,r_cert,Domain_08038d0d7903bad179c6b081ad0b774468efbdcd8fb1b7e7cac88f6dabbf08cf,Cert_fe794a69eacd63b21245bf4eda826222fc6c5862bebf77aa05459cb308cfd063
337,r_cert,Domain_afd826ef13c05bc22f4781e7ad58b8cf5a2b66fc0b65b94cefee484aca14bcaf,Cert_392d981eaf712a3ecb8553b3b90974d538e484bad7ccff19f6ef89d1b6456226
338,r_whois_name,Domain_f42f2fc2da3314de4122ce5cb847c368909a555b7873224c86ca2116a57d0a48,Whois_Name_db0925a5aeb1849fa7b41f7a29c1192d38e12e97fb6e82e72e894e3c733130ef
339,r_whois_email,Domain_37a06b1d4f05018cd2bb50647d0e24e9c9dc5c0dbaf61222c2db0367faa8bbc2,Whois_Email_5a3d16b7df3d815d5f3436bd5dd5c5e1054ee7cb74d4fd8d9efdf3af362a4a18
340,r_whois_phone,Domain_533d6eb916dec38d68aa3af35bf9e70953790a04ed85db86299aa74f56bf31a4,Whois_Phone_f6974ce3fa84ae76d75b9211f3162155db77566a36c82549b66a9a3d966a928b
341,r_cert,Domain_210db528be5a05f8770a51eb45981a95a552e529e2dfccb2bddf8fd545551fe1,Cert_fe794a69eacd63b21245bf4eda826222fc6c5862bebf77aa05459cb308cfd063
342,r_cert,Domain_dd8939ede57b0c0f8a387609441c69399a0ef4ab7516a6e927b8b86d10a95b12,Cert_90251c3412b1d10fed822153d9877b1dcb2eed0b35c174b2b1f8b1a58de9bc7f
343,r_cert,Domain_bab7738855aebe08106629db55cc37bbab6032d0c83e0b50545f7fadad00a7fb,Cert_fe794a69eacd63b21245bf4eda826222fc6c5862bebf77aa05459cb308cfd063
344,r_dns_a,Domain_e5faee798ab94195e75d453c625b9778a33b5df78d7b2c28e012c689836cfe9a,IP_8825af1b085a177c9fbe38f62c83937cb896fd4c46cc6726fd9c641e5c0fea60
345,r_dns_a,Domain_afd826ef13c05bc22f4781e7ad58b8cf5a2b66fc0b65b94cefee484aca14bcaf,IP_e9d4d0c9b504b782a7e04f78cf471fc52abba41c1330dec1bd5cfb583add10ce
346,r_whois_name,Domain_8dc33e3f3528ddd3f88d2cb7e855a578ecf1c689e03111c226f1035f8f16e33f,Whois_Name_d93c941eef173511e77515af6861025e9a2a52d597e27bf1825961c2690e66cd
347,r_whois_email,Domain_e5e34ad079fa8e284b47409407dde50949da066862dbb1a83f0e1f4a31ae2cf3,Whois_Email_5a3d16b7df3d815d5f3436bd5dd5c5e1054ee7cb74d4fd8d9efdf3af362a4a18
348,r_cert,Domain_22c8647c2e543ae2cac70e484c11b45032123c7bafe97e0d8805cd6b717a7f0a,Cert_fe794a69eacd63b21245bf4eda826222fc6c5862bebf77aa05459cb308cfd063
349,r_cert,Domain_f46d307d274bb9a830daa368b0cd60b60b11a19245f69807b22270e54720699d,Cert_c0d00a3cff5fec1cf204007339f4e82354db0a8f3c151156ff52020f64239200
350,r_whois_name,Domain_69beaab42d79298fc6222236dc32fe08d15935f63448d116987d0759794e3696,Whois_Name_db0925a5aeb1849fa7b41f7a29c1192d38e12e97fb6e82e72e894e3c733130ef
351,r_whois_email,Domain_0c30d61616453c54253f375690812932d4242fe583e1d23e528a1adb21bd81f8,Whois_Email_5a3d16b7df3d815d5f3436bd5dd5c5e1054ee7cb74d4fd8d9efdf3af362a4a18
352,r_cert,Domain_73babc3f0db89e944bbf8a13ddefcf09787d48eba6ed0512c46bdc220dabc3b6,Cert_fe794a69eacd63b21245bf4eda826222fc6c5862bebf77aa05459cb308cfd063
353,r_whois_email,Domain_0d3467a1d037757964eaba7cbbf10716fe252094825bdfea2c6fcc8bded1c89e,Whois_Email_5a3d16b7df3d815d5f3436bd5dd5c5e1054ee7cb74d4fd8d9efdf3af362a4a18
354,r_cidr,IP_2eec711d731faa1b677c62cb897e58cc1c296c1f9864abd447dec6b04b6cea0f,IP_CIDR_ac1d899ad98b695492d9432304f745682fd381c5fcd1f9961d316b013858ad78
355,r_whois_phone,Domain_02fdb7e5ddca4aff021de3a3b41e4aeea17eb9fae032e04ee71531ed19d9a55b,Whois_Phone_f6974ce3fa84ae76d75b9211f3162155db77566a36c82549b66a9a3d966a928b
356,r_cert,Domain_e4c9feefe1f54f58001504867e1a920e521b815b6e0eb2e87ce0cf4135216be3,Cert_fe794a69eacd63b21245bf4eda826222fc6c5862bebf77aa05459cb308cfd063
357,r_whois_name,Domain_3e51451557a955631ae2136f6290de669138c94daff1f150465531ee24faa00d,Whois_Name_d93c941eef173511e77515af6861025e9a2a52d597e27bf1825961c2690e66cd
358,r_whois_name,Domain_6c58b4e54203c2c11533b919c6067d7fcb9cd64a0433d3d9e3cadac8d98d311c,Whois_Name_db0925a5aeb1849fa7b41f7a29c1192d38e12e97fb6e82e72e894e3c733130ef
359,r_whois_email,Domain_4dafb6a26b7e537d0e7e9b149253ba4c46debfc572ba91b8c22f58b7fdc6c044,Whois_Email_62fe1d0691991999225c173a7c6b4da96e9d590457cfb31befb84fc0e980c15e
360,r_cname,Domain_91de97019b99f9e4b03f9d1bec9fd8925b15a3687a10ea0124baab42e36170b7,Domain_f3554b666038baffa5814c319d3053ee2c2eb30d31d0ef509a1a463386b69845
361,r_whois_phone,Domain_868821b5955cf6ab089ece363978c151264008036615054c188ed199307963f5,Whois_Phone_f6974ce3fa84ae76d75b9211f3162155db77566a36c82549b66a9a3d966a928b
362,r_whois_phone,Domain_a23199abe7be107b209ee6e84edb0489d6f8f1d6c7f4b79e5c082df5e362dc6e,Whois_Phone_f6974ce3fa84ae76d75b9211f3162155db77566a36c82549b66a9a3d966a928b
363,r_whois_name,Domain_14f326bef8b3347b7e3079024dd1a11755916817a9e5f21ce2723633fa1fb349,Whois_Name_db0925a5aeb1849fa7b41f7a29c1192d38e12e97fb6e82e72e894e3c733130ef
364,r_whois_email,Domain_5aad56e78f39171b2e34e3472b6ef105094939ab63060247f3410a71d4272f9c,Whois_Email_62fe1d0691991999225c173a7c6b4da96e9d590457cfb31befb84fc0e980c15e
365,r_whois_name,Domain_e5e34ad079fa8e284b47409407dde50949da066862dbb1a83f0e1f4a31ae2cf3,Whois_Name_db0925a5aeb1849fa7b41f7a29c1192d38e12e97fb6e82e72e894e3c733130ef
366,r_whois_phone,Domain_51a761f0f7f26ca8a639805e3bfe7b0898e69e24542085d920f1ad54055aa8ec,Whois_Phone_f6974ce3fa84ae76d75b9211f3162155db77566a36c82549b66a9a3d966a928b
367,r_whois_name,Domain_37a06b1d4f05018cd2bb50647d0e24e9c9dc5c0dbaf61222c2db0367faa8bbc2,Whois_Name_db0925a5aeb1849fa7b41f7a29c1192d38e12e97fb6e82e72e894e3c733130ef
368,r_whois_name,Domain_31ca322cc6d85224c18bf1b369afb4e4bc9e959c3d854454abc229940982cbfe,Whois_Name_d93c941eef173511e77515af6861025e9a2a52d597e27bf1825961c2690e66cd
369,r_whois_phone,Domain_cdb894c5553266587e27d2a84565111719d9500a8c75596cdc3707334fad1eda,Whois_Phone_f6974ce3fa84ae76d75b9211f3162155db77566a36c82549b66a9a3d966a928b
370,r_cert,Domain_c0cf35903c5fd6f123abe16f06d70dd61fe42cc7aac58ab6786aa1bcf3f759fa,Cert_fe794a69eacd63b21245bf4eda826222fc6c5862bebf77aa05459cb308cfd063
371,r_whois_phone,Domain_462a8fc006357a9d1f71836596f17d5b7ae1fdf2b7fa674140c26dc255ece828,Whois_Phone_f6974ce3fa84ae76d75b9211f3162155db77566a36c82549b66a9a3d966a928b
372,r_whois_name,Domain_5f15f3cabe9ebcab25a5508116d8df83f0d3d2f7f77e02e6f4393314b7ed464f,Whois_Name_d93c941eef173511e77515af6861025e9a2a52d597e27bf1825961c2690e66cd
373,r_subdomain,Domain_110fb52a3afd8dbd4d2c36688306166f216e5a19362ae554addf7677ee568aea,Domain_e5faee798ab94195e75d453c625b9778a33b5df78d7b2c28e012c689836cfe9a
374,r_whois_name,Domain_c5ee412dc070b09ec40ff13884116e6ef896eabcf9c5234160272823ab9edd9c,Whois_Name_db0925a5aeb1849fa7b41f7a29c1192d38e12e97fb6e82e72e894e3c733130ef
375,r_whois_name,Domain_0d3467a1d037757964eaba7cbbf10716fe252094825bdfea2c6fcc8bded1c89e,Whois_Name_db0925a5aeb1849fa7b41f7a29c1192d38e12e97fb6e82e72e894e3c733130ef
376,r_whois_email,Domain_6491cf46f73cfde0be83a5bc0a18dc12329b9641de651edd4b4724c7119debdb,Whois_Email_62fe1d0691991999225c173a7c6b4da96e9d590457cfb31befb84fc0e980c15e
377,r_cert,Domain_9f4fedc341ae44ffd891527fbb924f862624b99c5dddf33075e338dac53b1b1f,Cert_fe794a69eacd63b21245bf4eda826222fc6c5862bebf77aa05459cb308cfd063
378,r_whois_phone,Domain_10199f8a50340406fd6ea8762fa3629f5e6414fa09266b47aff99ae4187b4f9e,Whois_Phone_f6974ce3fa84ae76d75b9211f3162155db77566a36c82549b66a9a3d966a928b
379,r_subdomain,Domain_f3554b666038baffa5814c319d3053ee2c2eb30d31d0ef509a1a463386b69845,Domain_807a8a1a5282607c2063a5b0365268b25f0f62d61741a3e25244840595f10dc3
380,r_whois_email,Domain_a82088b39ae05a1f65d433d9ab15462394572bb6b5a8f705be9880033dde161d,Whois_Email_5a3d16b7df3d815d5f3436bd5dd5c5e1054ee7cb74d4fd8d9efdf3af362a4a18
381,r_whois_name,Domain_dbce24447a3715aba967bb26381be598583095b1fdfed661942cb66bff52a000,Whois_Name_d93c941eef173511e77515af6861025e9a2a52d597e27bf1825961c2690e66cd
382,r_whois_name,Domain_ff4a2654ba66a3808fd1cce0ec0ec1e1d9f8d54461a6f3f9c89b7572e9920d14,Whois_Name_db0925a5aeb1849fa7b41f7a29c1192d38e12e97fb6e82e72e894e3c733130ef
383,r_dns_a,Domain_f3554b666038baffa5814c319d3053ee2c2eb30d31d0ef509a1a463386b69845,IP_180ec840d57b66390033e9f0145b6dc76a7213c42d0992faeaaf5719ba7273a2
384,r_cert,Domain_e0f00a9e60951f95cfd4eae17eee421c2171a8ceb508d75c54071a6e33bc4f4b,Cert_fe794a69eacd63b21245bf4eda826222fc6c5862bebf77aa05459cb308cfd063
385,r_whois_phone,Domain_a2d2208c5348b93e3ddc90439ae6c7eda49cde8c4e1e35609d978e3c3209156b,Whois_Phone_f6974ce3fa84ae76d75b9211f3162155db77566a36c82549b66a9a3d966a928b
386,r_dns_a,Domain_c58c149eec59bb14b0c102a0f303d4c20366926b5c3206555d2937474124beb9,IP_94fb4d47d3920b6a5b74a8ce9e304377460fdffdf6582eca97eda2037bbe0b47
387,r_cert,Domain_cbcfca9b710f6ca9553023be46b562914a7c6edb1b3419299d7e419224ff6b8d,Cert_fe794a69eacd63b21245bf4eda826222fc6c5862bebf77aa05459cb308cfd063
388,r_whois_name,Domain_9db8398ed3ef916a79f1946e0b8520605891a6f642c2696b0d0670801be18c75,Whois_Name_d93c941eef173511e77515af6861025e9a2a52d597e27bf1825961c2690e66cd
389,r_whois_email,Domain_58d55858d7c627504348be17357835743ff3dc6da02f673b546137cb1d43e8d2,Whois_Email_5a3d16b7df3d815d5f3436bd5dd5c5e1054ee7cb74d4fd8d9efdf3af362a4a18
390,r_request_jump,Domain_f3554b666038baffa5814c319d3053ee2c2eb30d31d0ef509a1a463386b69845,Domain_b0db5e33bb91089520046ff41da4b0d81d7a0fbe23e1046106554c79f8c8659c
391,r_whois_name,Domain_6cc4aa384e853130dd959c022dcfa77baaf49dca30f56bb9b6faf4f40eae6aa3,Whois_Name_d93c941eef173511e77515af6861025e9a2a52d597e27bf1825961c2690e66cd
392,r_whois_name,Domain_0c30d61616453c54253f375690812932d4242fe583e1d23e528a1adb21bd81f8,Whois_Name_db0925a5aeb1849fa7b41f7a29c1192d38e12e97fb6e82e72e894e3c733130ef
393,r_cert,Domain_1d8e02f35e2cba9afb64a653aec2d7703559001c9d4f24c9b119eba50c47df10,Cert_fe794a69eacd63b21245bf4eda826222fc6c5862bebf77aa05459cb308cfd063
394,r_whois_phone,Domain_f3554b666038baffa5814c319d3053ee2c2eb30d31d0ef509a1a463386b69845,Whois_Phone_2ed398f49cf52be8e3f9cbf82be998d9ac2ba656d1ea1491baf026bb989531f1
395,r_whois_phone,Domain_f566bc4852b9b623a60fc0655bbc5e8cf828ef9c6e2293f4d1ad89e4d5cb6466,Whois_Phone_f6974ce3fa84ae76d75b9211f3162155db77566a36c82549b66a9a3d966a928b
396,r_whois_phone,Domain_631dd6392eb07714f0efaa984bae9dae042d77cfcbc70a7fdab2146fb509952a,Whois_Phone_f6974ce3fa84ae76d75b9211f3162155db77566a36c82549b66a9a3d966a928b
397,r_whois_phone,Domain_91de97019b99f9e4b03f9d1bec9fd8925b15a3687a10ea0124baab42e36170b7,Whois_Phone_f6974ce3fa84ae76d75b9211f3162155db77566a36c82549b66a9a3d966a928b
398,r_cert,Domain_14e9a9a69732fc66ee79bac998f2a631a978bac055410a478cd5ae59d15bfd5e,Cert_fe794a69eacd63b21245bf4eda826222fc6c5862bebf77aa05459cb308cfd063
399,r_request_jump,Domain_f3554b666038baffa5814c319d3053ee2c2eb30d31d0ef509a1a463386b69845,Domain_afd826ef13c05bc22f4781e7ad58b8cf5a2b66fc0b65b94cefee484aca14bcaf
400,r_whois_email,Domain_f3554b666038baffa5814c319d3053ee2c2eb30d31d0ef509a1a463386b69845,Whois_Email_62fe1d0691991999225c173a7c6b4da96e9d590457cfb31befb84fc0e980c15e
401,r_whois_name,Domain_762f1b0b8221a91e2e8a8e10aea0544f903b75f516816a9eaa2785c71924a5de,Whois_Name_d93c941eef173511e77515af6861025e9a2a52d597e27bf1825961c2690e66cd
402,r_whois_email,Domain_8e68a7e36a616af95a91e427ed6822f812a9f468a81813f75d8bb6c15bbe9b16,Whois_Email_62fe1d0691991999225c173a7c6b4da96e9d590457cfb31befb84fc0e980c15e
403,r_whois_name,Domain_d636fcb7682f93eb26651a6b536543566fda0a0416166cea57de46a499003eee,Whois_Name_d93c941eef173511e77515af6861025e9a2a52d597e27bf1825961c2690e66cd
404,r_whois_email,Domain_265a76394baa234c4829ec74f434deeb78a5d57ab0e355c9f8fccc7952d18142,Whois_Email_5a3d16b7df3d815d5f3436bd5dd5c5e1054ee7cb74d4fd8d9efdf3af362a4a18
405,r_cert,Domain_c16edb7736836b6094b6434af6349169829a32d2c3067e11063cf69ada8adfdf,Cert_fe794a69eacd63b21245bf4eda826222fc6c5862bebf77aa05459cb308cfd063
406,r_whois_phone,Domain_39dee509d29142caf91607613e7ff0ae8032944c338a5f7a42be54a7cdad16ff,Whois_Phone_f6974ce3fa84ae76d75b9211f3162155db77566a36c82549b66a9a3d966a928b
407,r_subdomain,Domain_f46d307d274bb9a830daa368b0cd60b60b11a19245f69807b22270e54720699d,Domain_4a574ffed389ef750ce9cbac62946a3be659eb701338d7a8a6e7d6cf7a296160
408,r_cname,Domain_9b137c5215788c8e66a5ea2d45c7ec3af81d5b1521610b166b109a6701324742,Domain_bc9c0f77d9f87ea79b2f49a0f3079e7e93fbf06162d7cd89066ae95a18ce05cf
409,r_whois_phone,Domain_9a29122f1eefd5d8dd1b20f14ca9b796608e7567fd769c94ab2e39143347e081,Whois_Phone_f6974ce3fa84ae76d75b9211f3162155db77566a36c82549b66a9a3d966a928b
410,r_cert,Domain_93933cf6af728137fae979468cf419a692fc79c122f188a14c4a4c827a1bbd02,Cert_fe794a69eacd63b21245bf4eda826222fc6c5862bebf77aa05459cb308cfd063
411,r_whois_name,Domain_4dafb6a26b7e537d0e7e9b149253ba4c46debfc572ba91b8c22f58b7fdc6c044,Whois_Name_d93c941eef173511e77515af6861025e9a2a52d597e27bf1825961c2690e66cd
412,r_whois_email,Domain_a6e42f8160daabdd33039939e4f1326c919b60fd184a115d20968af7b65b8fc2,Whois_Email_62fe1d0691991999225c173a7c6b4da96e9d590457cfb31befb84fc0e980c15e
413,r_cname,Domain_cee489b4e75d3b79f86fc13516688cb4ed6a84e39f139f25014bf97c0d7bfbf1,Domain_f3554b666038baffa5814c319d3053ee2c2eb30d31d0ef509a1a463386b69845
414,r_whois_phone,Domain_c7192213c2f7ba0ab539547679bbfab79920d200146ad6347dd669d8a6f60bea,Whois_Phone_f6974ce3fa84ae76d75b9211f3162155db77566a36c82549b66a9a3d966a928b
415,r_whois_email,Domain_b3b822dbe9bb2f6d2fc73d971bb46e0764e1eabc0d1b39d9c9c382ffa3ef18c8,Whois_Email_5a3d16b7df3d815d5f3436bd5dd5c5e1054ee7cb74d4fd8d9efdf3af362a4a18
416,r_cname,Domain_4b2be07ec35176f87c29d0a8201e320d76b85257899fe50ed53bd381eb0a6459,Domain_44ea0fc049750533fd490ba1b1867062d168c57e36f5ce40469512800c4a2f27
417,r_cert,Domain_ccbcffe4415023d04d110ed9cfd30ac24c998e9ab6952679be87c5306ebc555d,Cert_fe794a69eacd63b21245bf4eda826222fc6c5862bebf77aa05459cb308cfd063
418,r_whois_name,Domain_5bfd270749a2e0aa886a4b6959f2f6be59d13d5b122091949a6398d3f86c9b2f,Whois_Name_d93c941eef173511e77515af6861025e9a2a52d597e27bf1825961c2690e66cd
419,r_whois_name,Domain_a82088b39ae05a1f65d433d9ab15462394572bb6b5a8f705be9880033dde161d,Whois_Name_db0925a5aeb1849fa7b41f7a29c1192d38e12e97fb6e82e72e894e3c733130ef
420,r_whois_email,Domain_7ec28bec87e9af2e9ad31af2eaecbf98baaf96ee117effed4f873047473fe016,Whois_Email_62fe1d0691991999225c173a7c6b4da96e9d590457cfb31befb84fc0e980c15e
421,r_whois_name,Domain_6dc0b85a8c049337c042e325238e648653788c0ede2f7f415e51c228fd8c39e2,Whois_Name_d93c941eef173511e77515af6861025e9a2a52d597e27bf1825961c2690e66cd
422,r_cert,Domain_4d2deadb474464cd278351e92bcdd680de225b26426f43cbbbf2d39fd41f4cf3,Cert_fe794a69eacd63b21245bf4eda826222fc6c5862bebf77aa05459cb308cfd063
423,r_cert,Domain_7e2edaede262d117e7299687f7394cfa7b8eefad1d0215899b4c4038c0964e00,Cert_fe794a69eacd63b21245bf4eda826222fc6c5862bebf77aa05459cb308cfd063
424,r_whois_phone,Domain_cee489b4e75d3b79f86fc13516688cb4ed6a84e39f139f25014bf97c0d7bfbf1,Whois_Phone_f6974ce3fa84ae76d75b9211f3162155db77566a36c82549b66a9a3d966a928b
425,r_subdomain,Domain_f46d307d274bb9a830daa368b0cd60b60b11a19245f69807b22270e54720699d,Domain_4a17a04e1db069c8eee11f9506ffa28eb0e7b2ec45d56a554598e236313e3a6f
426,r_whois_email,Domain_f42f2fc2da3314de4122ce5cb847c368909a555b7873224c86ca2116a57d0a48,Whois_Email_5a3d16b7df3d815d5f3436bd5dd5c5e1054ee7cb74d4fd8d9efdf3af362a4a18
427,r_whois_phone,Domain_cc264beae74491a9364869986774bd114d023b6e0dd22ab70489330b5962d021,Whois_Phone_f6974ce3fa84ae76d75b9211f3162155db77566a36c82549b66a9a3d966a928b
428,r_dns_a,Domain_d7632006adfa48173b7791317e2c14bc5633a782816812fca33d198c5ac65844,IP_818dd622a130f04e0857bd0276f4dacb32ee046d46605f35cb8bac9999c42f19
429,r_whois_name,Domain_3aa332c51634000666c571177aa69d79bcb6ef2f2738c1286c69809eade5541e,Whois_Name_d93c941eef173511e77515af6861025e9a2a52d597e27bf1825961c2690e66cd
430,r_cert,Domain_5db18c9a5e73feae11f18b853bb48945786df7850d0b7b1f42306ad9230c2a15,Cert_fe794a69eacd63b21245bf4eda826222fc6c5862bebf77aa05459cb308cfd063
431,r_whois_phone,Domain_0d3467a1d037757964eaba7cbbf10716fe252094825bdfea2c6fcc8bded1c89e,Whois_Phone_f6974ce3fa84ae76d75b9211f3162155db77566a36c82549b66a9a3d966a928b
432,r_whois_name,Domain_b3b822dbe9bb2f6d2fc73d971bb46e0764e1eabc0d1b39d9c9c382ffa3ef18c8,Whois_Name_db0925a5aeb1849fa7b41f7a29c1192d38e12e97fb6e82e72e894e3c733130ef
433,r_whois_phone,Domain_7ab379123d184677806451bdfb5ad2f928ea9a5b47d37ff7e7a17a9eb5c5718d,Whois_Phone_f6974ce3fa84ae76d75b9211f3162155db77566a36c82549b66a9a3d966a928b
434,r_dns_a,Domain_61befc7014010dffed9239b8a133396e1a88fa822703b677b123268eb16be3f7,IP_94fb4d47d3920b6a5b74a8ce9e304377460fdffdf6582eca97eda2037bbe0b47
435,r_whois_name,Domain_2ccd4aaa6c4d264795b0433b989a6cbf1e5aa9aacc336d6198b702deff7d8153,Whois_Name_d93c941eef173511e77515af6861025e9a2a52d597e27bf1825961c2690e66cd
436,r_whois_email,Domain_ee2b0e9671b0558c4bc753df5aece320d5084e886bd8a338e5b092b788c733e4,Whois_Email_62fe1d0691991999225c173a7c6b4da96e9d590457cfb31befb84fc0e980c15e
437,r_cert,Domain_a637994eb255ecc75eec1affcca5630c1171146f3b5df8da4f4348324dc9623a,Cert_fe794a69eacd63b21245bf4eda826222fc6c5862bebf77aa05459cb308cfd063
438,r_whois_email,Domain_ffaecd311d279542e157d3328a40c2f8f8e449a8a79166290d0a397478662753,Whois_Email_62fe1d0691991999225c173a7c6b4da96e9d590457cfb31befb84fc0e980c15e
439,r_dns_a,Domain_36fd1f26e051d752d86580f3f3674a48f488a5785a5cf145e37c2f08999caaab,IP_4388239df158d109a77362b1005f194160349eb19f4882e017c8316af464f9c2
440,r_cert,Domain_8976a5c88f0757403ed183ecc06feef46c03617b7885c8a1e5da7e7db66ba993,Cert_fe794a69eacd63b21245bf4eda826222fc6c5862bebf77aa05459cb308cfd063
441,r_whois_phone,Domain_58d55858d7c627504348be17357835743ff3dc6da02f673b546137cb1d43e8d2,Whois_Phone_f6974ce3fa84ae76d75b9211f3162155db77566a36c82549b66a9a3d966a928b
442,r_cname,Domain_44ea0fc049750533fd490ba1b1867062d168c57e36f5ce40469512800c4a2f27,Domain_d544953df628ea3b0268350be0b607e25f954435ac8582ab50205c7bc48c5685
443,r_whois_phone,Domain_a862079db9fcb59b2b81b3a114aced6a857fd0adb30f434ff683b89f1e4abb7b,Whois_Phone_f6974ce3fa84ae76d75b9211f3162155db77566a36c82549b66a9a3d966a928b
444,r_cname,Domain_4988530504aecaf8ce6965e5a25889682716bae0d3001f83ef5c2ea5a1aa50d7,Domain_d7632006adfa48173b7791317e2c14bc5633a782816812fca33d198c5ac65844
445,r_whois_email,Domain_14f326bef8b3347b7e3079024dd1a11755916817a9e5f21ce2723633fa1fb349,Whois_Email_5a3d16b7df3d815d5f3436bd5dd5c5e1054ee7cb74d4fd8d9efdf3af362a4a18
446,r_cert,Domain_50c1d27c803f7176019582813515aa1b3fe0f1dd914e05825fda92b3dfe07c0f,Cert_fe794a69eacd63b21245bf4eda826222fc6c5862bebf77aa05459cb308cfd063
447,r_whois_name,Domain_db170d1b553020f5ef401942c4cf0efefb12b790311c451e96befac4e5bb161f,Whois_Name_d93c941eef173511e77515af6861025e9a2a52d597e27bf1825961c2690e66cd
448,r_cert,Domain_f177e8e4e39b2bb95e78287524ec67bb2d7a0f9e5ee1143ea2564df08eee067a,Cert_fe794a69eacd63b21245bf4eda826222fc6c5862bebf77aa05459cb308cfd063
449,r_whois_phone,Domain_6a8c811baaf827874bb2c485018bfdeff9cfc6b4434265cd2ec17aa32c8eea57,Whois_Phone_f6974ce3fa84ae76d75b9211f3162155db77566a36c82549b66a9a3d966a928b
450,r_cname,Domain_b6ae03c6b2e79be5e1f2b2938fb27069996d9a29daa6e3e8f63da65a7baba520,Domain_807a8a1a5282607c2063a5b0365268b25f0f62d61741a3e25244840595f10dc3
451,r_subdomain,Domain_807a8a1a5282607c2063a5b0365268b25f0f62d61741a3e25244840595f10dc3,Domain_366244592364299707e33731d928c96df664d8beabce7066f2399687d9c81261
452,r_whois_email,Domain_04ca50b198743a81ac9be096235e1de24bf419eca6ada053b50f5193759ec0f2,Whois_Email_62fe1d0691991999225c173a7c6b4da96e9d590457cfb31befb84fc0e980c15e
453,r_cidr,IP_4388239df158d109a77362b1005f194160349eb19f4882e017c8316af464f9c2,IP_CIDR_3d4e93241db9e250041c92deb309d5473242867c77e493f8223f84af60210acf
454,r_cert,Domain_39a67ae5101d429de3a8bd6459790383e0556229f4392b8ef1c0e85375701011,Cert_fe794a69eacd63b21245bf4eda826222fc6c5862bebf77aa05459cb308cfd063
455,r_whois_name,Domain_dd3b36efc1967d5e25150997f34e71af13553c29330302d9ac63436742f6ce46,Whois_Name_d93c941eef173511e77515af6861025e9a2a52d597e27bf1825961c2690e66cd
456,r_whois_name,Domain_38f09ea90010124484f42ef3b9739b698bde4de26b505c523a03d08de19b9a67,Whois_Name_db0925a5aeb1849fa7b41f7a29c1192d38e12e97fb6e82e72e894e3c733130ef
457,r_whois_name,Domain_5c47689c9fea7d89bc1518e34b09b731d21a1e0320ae0d084e4dac3c951cd984,Whois_Name_d93c941eef173511e77515af6861025e9a2a52d597e27bf1825961c2690e66cd
458,r_whois_phone,Domain_5c522455cac4ee6870ffd9a6f9568c86394744df821291928eb4ff8a779efbb3,Whois_Phone_f6974ce3fa84ae76d75b9211f3162155db77566a36c82549b66a9a3d966a928b
459,r_whois_name,Domain_511e2087ce39849f01f8bb33b9ab6fd02f7574c91339a7a8b3828dc5d5de62be,Whois_Name_d93c941eef173511e77515af6861025e9a2a52d597e27bf1825961c2690e66cd
460,r_whois_name,Domain_d1773bc258ac5f800453b58a3ee402e36c1be7fc3548f62eb97ad8ec269c7fa4,Whois_Name_d93c941eef173511e77515af6861025e9a2a52d597e27bf1825961c2690e66cd
461,r_cert,Domain_007d9d194839a53e828fb55fb579e84a9cb2f97dee233635182319ad9e495923,Cert_fe794a69eacd63b21245bf4eda826222fc6c5862bebf77aa05459cb308cfd063
462,r_whois_name,Domain_a30f481a517b5b77d9877379e59470a6519b179bd75c0f4053764270268bbafc,Whois_Name_db0925a5aeb1849fa7b41f7a29c1192d38e12e97fb6e82e72e894e3c733130ef
463,r_cert,Domain_51da01a1210ce39c0569150548ca6ff0342336e8fb2a8f8276d82a44817a82b7,Cert_fe794a69eacd63b21245bf4eda826222fc6c5862bebf77aa05459cb308cfd063
464,r_whois_email,Domain_c58c149eec59bb14b0c102a0f303d4c20366926b5c3206555d2937474124beb9,Whois_Email_5a3d16b7df3d815d5f3436bd5dd5c5e1054ee7cb74d4fd8d9efdf3af362a4a18
465,r_whois_email,Domain_ab191669a5554728bbfbfe823af06365873bcee68ec84abdad22976c072582d4,Whois_Email_5a3d16b7df3d815d5f3436bd5dd5c5e1054ee7cb74d4fd8d9efdf3af362a4a18
466,r_asn,IP_180ec840d57b66390033e9f0145b6dc76a7213c42d0992faeaaf5719ba7273a2,ASN_3acb98d8043248d884b0236acff6e75a199b89dff521dcc142d59df236c7992e
467,r_cert,Domain_9b137c5215788c8e66a5ea2d45c7ec3af81d5b1521610b166b109a6701324742,Cert_392d981eaf712a3ecb8553b3b90974d538e484bad7ccff19f6ef89d1b6456226
468,r_whois_email,Domain_a30f481a517b5b77d9877379e59470a6519b179bd75c0f4053764270268bbafc,Whois_Email_5a3d16b7df3d815d5f3436bd5dd5c5e1054ee7cb74d4fd8d9efdf3af362a4a18
469,r_dns_a,Domain_807a8a1a5282607c2063a5b0365268b25f0f62d61741a3e25244840595f10dc3,IP_fd1466e72d137176ee7d85c8b1d286fdfba318ff80048df9c18155704c997088
470,r_whois_name,Domain_735c302f5a08dd63fed995162be9f3a9d408cb47fcd2b7914552e6824d122d95,Whois_Name_d93c941eef173511e77515af6861025e9a2a52d597e27bf1825961c2690e66cd
471,r_whois_email,Domain_5a41766995f5a19011683ad6fb27a36d0444265535ce440cfdc48924346188d6,Whois_Email_62fe1d0691991999225c173a7c6b4da96e9d590457cfb31befb84fc0e980c15e
472,r_whois_phone,Domain_aff80b16a1cbfd91ab3a158048e5c99d4a053ab9ea757ed84141fa7a39e3411c,Whois_Phone_f6974ce3fa84ae76d75b9211f3162155db77566a36c82549b66a9a3d966a928b
473,r_whois_email,Domain_6bdbb6ba871f392b98bffb695e0e9c3d542625c7308ec80e57a8e2582bbc11fd,Whois_Email_62fe1d0691991999225c173a7c6b4da96e9d590457cfb31befb84fc0e980c15e
474,r_cert,Domain_c5b65ca19f9a9e00a120eeb42c778147e7ed38cebc941d1fa9d0ce8b882bc8a2,Cert_fe794a69eacd63b21245bf4eda826222fc6c5862bebf77aa05459cb308cfd063
