,id,type
0,Cert_bbe15474b14bdf9f8f8f401595e8a9c6285e844245946224bb11f58fc6196edf,Cert
1,Domain_110c141fc601c0fbfa04f736d21e9d4d7131311363dec9f0194572c88010a347,Domain
2,Domain_b3d760f3c347f9b929520aff5e89b1b669807f7fcd53ce9c90f45218fc3a65e7,Domain
3,Domain_89e5f33dec4bb29ac27a9d74b62b3c4c7550cd826234ffbcd37aa9df3a9163af,Domain
4,IP_CIDR_66012b38f5e434bd60648c20da911dec8e9eeb777e5702163aa3af0dea905c07,IP
5,Domain_138d447f7a6ce28eb87dc703e06ac6ea9fc94baef862c0db6977f579c2cfe62e,Domain
6,Domain_f390e2a7857a9d8908181b89545a7c5b7d2a1f19c6e48799c12d769f8dccd02e,Domain
7,Domain_60e153f3b763e13ea5085e76a9b74c2b77a1c3ed36d2b4c76264c62d373fda77,Domain
8,IP_36b2ba5b0800d154ef3add5672b7561af9535edd92d2c3323c64880498b45a05,IP
9,Domain_b6ffd51783624de40c2da9c389a283d9b60f5711a30de271d897f3d5ccd31b83,Domain
10,Domain_9822654656d0d4a56b718944a75b25906f026dcf249098cba416d12097376f0e,Domain
11,Domain_ad65efd757ebdb3b99e1224855e59e7b22e3dde889f6eddca76bea8ec5341945,Domain
12,Domain_339993bcdc8b1ee9986f7caec5823de0c6cc0ac98f3dee93bd19a4a41f0a9035,Domain
13,Domain_cf79ce55424144f48730df9ec1be5761b455756e7a689b8749e5be7598cf4266,Domain
14,Domain_4436bad002679eb933fc3fc4cb11c4219cc78821c03c508b1d8390cc84585d45,Domain
15,Domain_8c27567ab453bd078306c765aae3983dfdfd1fc5739fcdb7ab0200e0d063b695,Domain
16,Domain_058f1b71797831b181bba9efbec58365908655f80f07b3118d24c0ebd9fc722e,Domain
17,Domain_fbb8330f254be6e688aeeccd7dd4f5afb9276cd611196845f7012399cd180a44,Domain
18,Domain_c154326d0f42aaad9b058584d2e44f95b3930b7fec058e76a8e6f39cba275b52,Domain
19,Domain_1cc22e18a56ef8a365aa575fa17d1f24afbe56cde8f9b9ec460b38d968f7b528,Domain
20,Domain_4f0a1ec451b599b63567340ade3a0d575b072310d0d037bca6970fa035fd369f,Domain
21,Domain_bc47c2f2fa77a72eb7e1716cf61e550c34a1de54b6c6ff60cac7f9a6468f26ad,Domain
22,Domain_54b41a79bbf4a84abb2614e276cea4742b8ccf4c8b1cae810751f193d4356474,Domain
23,Domain_a376fe4e03d509fe1bb0a893431f853af102deb4b57f60762b3a1a8b8eda5380,Domain
24,IP_2493d10250d8cfb277bb6217bd48e2863d4a1bf81fb6cc9e755f63a88a349f32,IP
25,Domain_fcedf259d17df6c6c613d5c0b6afeaaedcb23a16b248b418ecf0c0100ea80c40,Domain
26,Domain_0ddf0694dca223e958fbe4721ae709bc3a2a4f8d0865b3fd68c5b7b25064f189,Domain
27,Domain_723b643666c6194c0f9f95de5b64407b3dbe7bd0b93ce885d6afc24db118e62e,Domain
28,Domain_4fec81ec03dd45d4196ce9e70a2411fddb589435f49d79ed1ce7b97312ea4b04,Domain
29,Domain_ebde7a221ec93baba418ffe471f78e8f150fc2f6f905f304b55440449868ebe5,Domain
30,Domain_c601f3140b70a85e0c7e8722afdbba511465d23a0ac39f69c5221f03ea62ca50,Domain
31,Domain_df315705833e02f40bd7d495d07b637588f4c409be8fa5097e2234aa10719a24,Domain
32,Domain_c569af2fb815c2c4497b1d95464694664e6ff41b961cc31f61d52ce68aaa651b,Domain
33,Domain_42f4d9ead3d187271597934ac7ff2e720306516432483ba22b9f1ade6e74effd,Domain
34,Domain_2c374c493c2b8477af0e75e3836e5e905e0d06de897a439d50189dc0a9730b86,Domain
35,Domain_9d4f6d1a65e1cc9865d79541851ed857ee0477a09f78353b32b2a7d3ec84dce9,Domain
36,Domain_bd74eb0a61b2518d9eb0dff1442aed1e8f807c853aa8f506d6b77fdcb10dc907,Domain
37,Domain_78a81f35073bc428c7e4e79f0ae42b0142b51a4e7ffc7129762ae26e66bd50d3,Domain
38,Domain_fc33e2f86685cde06c13367d8661fad828d278c7994c3a14c36d6f1c2089a50c,Domain
39,Domain_3dc6f5dbd52540996ed22a53edf09e1abd6787c2c85de3901915d21f580392c2,Domain
40,Domain_73a7d77a746c2ef4e059bb047938009894c0bad1c2f7a8d22562005f25f98c3d,Domain
41,Domain_820e28dc185a8268f43d2117ce77cd9d0a243ecfd18fd6cbcd355a3d93bda871,Domain
42,Domain_755f926df710773363ed73c670a17cc1cc728f5ef75bbdeaa3054a6f4c5a51a0,Domain
43,Domain_cbce17d4539e71611b2a57e1b6ce9dece9ff8c5a689ed39031441c3964cfc560,Domain
44,Domain_494862aa0a45cd80cf9c73d03412e0bedac88fd32642697d30dbaf289a495f45,Domain
45,Domain_1e7808d89b5fd0f3027382a7f51d7349f46d194b87f799de92f8190f7f055320,Domain
46,Domain_be2707bba3f1db3850969a148f3bb0a1be3cc08b224a0b2f5281eb05836c8999,Domain
47,Domain_e12ccdb589d946eca7147c7ec39c92da0027ad6326d3a5196bc432eb16703506,Domain
48,Domain_6a15c2b1629073f9d6e52eeb4fa6c4db18816470923c755c515cbca23cd0f551,Domain
49,Domain_e96ae1bf9d9564f29229ede4993d9522c32e0dd22c81737fae014a0e9be9ada8,Domain
50,Domain_684c9ccabc26e6b9f8fa7b166a67b5094992e5f41466dbe2e9ffc27f31d34d68,Domain
51,Domain_37c3a339a5f6ca3c1422351296611d4b67814909918c8a54b134a0817d5b35ed,Domain
52,Domain_dc62ebc241626facdc09bd550310017d8570bd278031c78f56db67888ae72e36,Domain
53,Cert_1b22e6e2c9f9d7afd041a1a0ef2178dbaaf3248c4261496a382ff46520d55e71,Cert
54,Domain_19490b592e8afb10f344a061c56e7f469233cd8220b47cacfff492d2dd4d8eec,Domain
55,Domain_4b60a20d16e67158c6e32cfdc0bce29fbf818a93dd4eb5d273f97c4c274e0386,Domain
56,IP_62aa1e710d536e8e5d3eac2f47dc48c309982f040b98917e38afe85fedc9c516,IP
57,Domain_15edd2b5ef8834d6442cf7c8f965331f7c3921e7a6c24c8c46eeccb1f66156f1,Domain
58,Cert_3d5a16b19d793c43fba6dbcda1919cba7b0b44da758f5069e0ed5859a0f4a0ce,Cert
59,Domain_7ade6883d8dd55480c7bdf7fb5f7eb7ee17a1673aa34c6eb0196e9b17f3bff3f,Domain
60,Domain_dadf2471d659388804f9a947cf78735f5c2070bb0156cb4f8efcba6da28ad28f,Domain
61,Domain_98cd79c84fa3d0310e9860c4ebfd81a7835ce6cabc09a3439f170f7437a5e015,Domain
62,Domain_369fce70c41af7c0adfe674633c5b54749cae1acaa1ddbc1806df32f93f5305d,Domain
63,Domain_ea600dc3deb2f1bc12fa48ff14f0f2048c392ee2e5aaec81f112abcea8d98961,Domain
64,Domain_687fd18e15f7bb60e5b8f13918ac74b74e75010e7206580a2e08ae46d066a7a8,Domain
65,Domain_ed1cf1c7b283d7b946df109781102aa81e6d5a04fe531793ce2348072111f36d,Domain
66,Domain_23a465f55832d1a9f65d44d5337fd5323b519e89327240e61609e6432797262e,Domain
67,Domain_8bd7ac7069aa8b7daafdd567bf0e2eb8c8db3f19373ebd828a3989e2df9da3dc,Domain
68,Domain_58f459a6dd97cdfeb7540ce99a30d061cc640dbc21ccb9eaaf54ceca577b0d55,Domain
69,IP_CIDR_0cc13533555fca02af760d936041071becbb969c94280dd5f3f33f36c2dabfe9,IP
70,IP_cd3ce4957d196a1a2871f3b850cb5ab89ffa2643033d7b05319951f2be9322e0,IP
71,Domain_f8d5a8efaa4ed5d77266a9b29721e1ef9e125b6cbec9ae4d867ca73b031be818,Domain
72,Domain_3f48e79d0b6b5524cf092e6eb2e47120c40b6a24aae5c92d6f915ff26cbde838,Domain
73,Domain_308c25ea0f412fe17e057e6a05b1a7123e01e343f5c582c854ac5a2df52f97e7,Domain
74,Domain_9be5aee5cc57eca3293a22003b6e9a8d20afe217956a765930c53837c13f3772,Domain
75,Domain_f46a656a4114af2adc0929dfa83d87fbd2befb5a84eaff841ab42285e67f5861,Domain
76,Domain_3a0fb6e4a11a4d966d86d617e057d58f6e83e4efe8b09f6f0a98c181db51f4cb,Domain
77,Domain_8ae385b7dc3870bbb76e4bd5999d2a6e405d4204764735661c745ef66b52589f,Domain
78,Domain_c835a0ea789a2ab5961c84d00e0e861bbc3e8b5633434ac61bb061db3d5032d9,Domain
79,Domain_24c25bdef6623fd988ec927f0128d68cfd7b8a09a0c459faaf67600f96a37773,Domain
80,IP_12658a400c572d024701fd297ba84f7158d06a9ee3ada288148cbd6109ca8943,IP
81,Domain_1be46991a6d6c95bebb29365e9e872345657e6eb62081824b828ed56f4abef16,Domain
82,Domain_e63287954f632b27cc0c4c1e1d3a1ac105f4d1cd1a018aad80616e5089068c0a,Domain
83,IP_CIDR_421753e1f9d50442ad058315e2ab1ba76104ebc39764039f788257df5dc643d4,IP
84,Domain_b0dc03aa93381529733d5326acc184ba60ead7510191ef2a98ed9a85e684f2be,Domain
85,Domain_974942ab82f9e453abe5393259b87f1d712242395cf98b34a2e6b43e9eff925b,Domain
86,Domain_dd056c42bb08c5eab0e332b2f4e4c28def535d73d9e33385741dbdbf2d766bcd,Domain
87,Domain_eeec8ef53311c35b68dd0faa055a465868155bebd2973eb54ec9a5b145ab820e,Domain
88,Domain_a95afc49db0bc7ef1d41c159ab8cd4ee17fb15c29cb2c302310cb2a6ad142bdd,Domain
89,Domain_b10f98a9b53806ccd3a5ee45676c7c09366545c5b12aa96955cde3953e7ad058,Domain
90,Domain_b5f429028b6ddf03e12379330fb097978a3fea1b04a94a087b546f9b27f41653,Domain
91,Domain_0c5572b5f21ec221e2a9209931cb9d8a947988ca1a5bdb6542e3fa31bafa923b,Domain
92,Domain_ca450eeeec8c0e759fc764225c8d4080c8c010c7a4bbb3a578a90730a578cec5,Domain
93,Domain_6b62aef5660b632d90eed5ffa92037338bb6e9337f3cd4fc395caea6dab7ee12,Domain
94,Domain_b9d0a9161147fd6b77ff86e41e5f97cd2f1cc0ab59e29ceedecb8b321b3e1995,Domain
95,Domain_2d16cee7842a9df9fcf50bea8cef8b2ae4410de5247ed6739fa5f6ddbfdf44c7,Domain
96,Domain_27fbf5de1513dffb18d8e8ca791ea4226539a1fae3e2a33aef46b08873182f6f,Domain
97,Domain_1681de5765cf08e0cd793e4499105cf4e4ccf1ef55b0291bf88790bc22d013ea,Domain
98,Domain_1ad3b856a00faf92f3d41c2f96be9d049041297556aaa3c881d8af3b1168a215,Domain
99,Domain_677def7b2648c461f1999e3df64aa3dc5785b6aecf695099494523b97521da7b,Domain
100,Domain_c5a005449bbb359c837ab2ee855ab9ef990d5116bf512c952bfded0b36f42d1b,Domain
101,Domain_70a5a47e93912543f53ea6fadb7b278d58b5e2223c4ca2b47854f151500334ac,Domain
102,Domain_f616557e0eda28cd6a529e24fc81dc72266d54f3e3a9a5192d00fb3fe3960758,Domain
103,Domain_8ce1ca56745c0f2c5d97c68e4d1950cf45f5fed7da8c498039a5227f9dc98f47,Domain
104,Domain_a7e0b8be41009feb92af198560fe839f07f1e50c4904d248eeab51b80ecd845e,Domain
105,Domain_bf2a7f6f4a18362fc3118eefe8e23901c8b4ac7c5c63ef1a1c4de1fb993868fe,Domain
106,Domain_12422b929a8681e91df9ca79e108bc17423982df6b470bb949f9f32cda00d234,Domain
107,Domain_d7a78cd8d58bd96083b77782ad6db90c22411175087c73202287ee05905cb7d8,Domain
108,Domain_c76d41a905e8eaa742ad84d5d87e0c7623b4756f2494acedbfdc66f4efb571d6,Domain
109,Domain_4ac58f56d600473b2ab6e66ec8aba97dec3a945e0e03ddafb76ea3314e07cbac,Domain
110,Domain_8b3fd8dec675da6b2418e386f8c98e23798d93073ad0b4c10709206f63e7d323,Domain
111,Domain_177d2de855dba91336db1659391be9d768dbea2d5dcef281a28088ec1c15691e,Domain
112,Domain_d8cdda8908ff26ba17c364db9e4dc1dcd81fcdf6aafe735ed7aa1edbef4fdaa2,Domain
113,Domain_b89ca040ed48625c8d66258bb3a15c75e5b149696edf2c2e992a4b5f926dd041,Domain
114,Domain_ff47f5cb0c5932297f826c9a6bda97c26c75bf64953ef63a92c729160c20c84b,Domain
115,Domain_7a8837dcf8280c4829c32e62d4d46e24555eb487d1a6955c68363459861d4b81,Domain
116,Domain_8639200a01d5320f9d22eea6f93bede410d011f9047ae1c9afcf53f597bb7012,Domain
117,Domain_0c05b4b999de3c3b6f1bbf12602e08473e6e4e1882930449410a9c3aecb97b65,Domain
118,Domain_498426f02dcafbb607666dd9be989b4cf16da76d6f3b303e08921950f4668cc1,Domain
119,Domain_34b29ec9f40eb31af072fd17bb80b0eead3b68d65644c5a96a5110ce9b09598a,Domain
120,Domain_24846228bd383a33bf3bb13cc1c3448ea909955e8bf2784e4798aee61b1c29bb,Domain
121,Domain_2df745c5252126941c9764aeb5bfcfe3e071b5c1014690960ec2a56b035a7032,Domain
122,Domain_95e072274e8b95681d49d483dc073db153cc82e411f32a904c0086003b596224,Domain
123,Domain_52c06776290c63557637ca890e0f00f6258cb81b292e1d566856f7133148f86d,Domain
124,Domain_03f31d0f0e26a3f7e89d356f9ecc80587e103b19678dd65244ac54cc629e4afd,Domain
125,Domain_58b5f460e97c6818b2b5e9f96b1485ea3b302b41422114c766a3246ab9eea729,Domain
126,Domain_a28d6e656962a87e4b29a5d29fbac5b9eef4910d34cc095b271bd2e14de413bf,Domain
127,Domain_887b7ef6953659a78d07f08d0b49dbaed307aca049a3a0cef3c7066c2fcf7dd6,Domain
128,IP_400c19e584976ff2a35950659d4d148a3d146f1b71692468132b849b0eb8702c,IP
129,Domain_217518dfd62041627e669c55c168c9228b426d2303690d5f2eedaa73ce6257fc,Domain
130,Domain_9bc5189957bd5ef0c0f0c78379eb7c48f51986933e8279dc7203294541ce1a2c,Domain
131,Domain_c8274e885cdbe343a754d802962bbd5952d07e753052cbc54b6c29e8ff99ba38,Domain
132,Domain_f77d316ba337b237683eba6918c92c4a0ca43d64ef60ae3eac19a0a7cfa5a948,Domain
133,ASN_92053475f3698b9e4b5ab8493a67702090c5a5c15fed4887913210b29205faba,ASN
134,Domain_e01c17f42e1a41199b7811c6effb0caed00040c008ac6e0b644501b254da767a,Domain
135,IP_f9b588fa3410ab89fa0e50b011c9ac8ddfa4a3125ea3df13fa4598faa5e15f8a,IP
136,Domain_259d75ef501aa81ff11b5c1035bf3ab40b60c17f63100930dc9f40ddd6fb5413,Domain
137,Domain_c87763c8be1ccc56ef16407d5c7a8d8919c28911e465e67d177d24561736dabe,Domain
138,Domain_86f0ec616c5f63f28623b2982d973844adecf5ffa085c57e486d55af4d607abd,Domain
139,Domain_c747cc63892eabc2453d342d432b9d624ffdb13daea10a9fbf0373ccf47fba78,Domain
140,Domain_a04a30daa3292b4e8c6d2a54e29a3ee47a27ada463ee30ba1959f1edef90047d,Domain
141,Domain_834543fec17710a482004f108ca93201a2f21fc754e74302e23ca0395affd0a7,Domain
142,Domain_f790d750fbb4412c183b97fc2b68e90e7a6b4e4ecc79c6a0df86587200236d9d,Domain
143,Domain_c7ed5adb5880c875358065132e7e0b16badcc9fb6e66a843989d274b2262be73,Domain
144,Domain_3d17cb5d2b5f6142eea8fd0b43c4b0b23155f622724e25b3a5e7bc0a2998e881,Domain
145,Domain_21ca889683ebd663af5b0d8dd252f0e06ae0a9410e42347d4289183901b553f9,Domain
146,Domain_9d51a12244c5dba73379d11d3bdf3f5e4cb8356184bbdbddf7ca51af8f850af1,Domain
147,Domain_275b78283130438def4d920f4eac734fc0903de55090a281f661588fb84da6e8,Domain
148,Domain_896bb508ad598d6179c4eccafd0556eab5a3d904c945f6902924aae088c2e916,Domain
149,Domain_08e64903ff448ad392d7d38da77be883298177d12b22a436357c7f61a73071c7,Domain
150,IP_CIDR_f82ea9c80e4f0afcbebe3bbda6f3e1aec1b8402b331942a06fc0eea2fd82209b,IP
151,Domain_36942ad11985996471993e545fecfdf68f07b64bf96f47025e2547f93b8ee897,Domain
152,Domain_e563b82416a4f39a603370ae770b13e6d43cf46d1f8a5f0f06a20529b63ce889,Domain
153,Domain_fec1e88f3d29ca44e9819d29098cb6f6fef4b63b140bffc07880375ba8265a74,Domain
154,Domain_56e9479272b2262a3f2f1cfd50d708c96d0b96a5bf69a5cdae9300ad0b353813,Domain
155,Domain_1c71de04d39ac555a64f56bb233c487adb6ca1b6829ee6de20982c871964ee02,Domain
156,Domain_7cc6d3861bb2be8ac5d0214fa6719e08f46fd6c603f8a6aa2414741a09265828,Domain
157,Domain_bf8a316198fe05004535f7063c5bb0ef6091b5493ae43ca30268ed4a7bea6e5e,Domain
158,Domain_e73a2d5f451d42db18f5abc9afcb812e6082b1af1facee6399e4b1acac67f4c1,Domain
159,Domain_878ee32c2edecb098118ac1ed8a778757aebeaa13c85f219a6e5a214b96a266d,Domain
160,Domain_4a9b7fc2e28c597a0ae9d4ad3da4eb53655b100ec285c43104026d11c3a07b05,Domain
161,Domain_61b11036fa61b9430fe78b3805a5e8ab817cb0c5cec2327e2d73fb5ead4f1d1c,Domain
162,Domain_7b81eb604b259fc0375ecb0a4d809926eb7990a27db922eef2c3509ba7b39c34,Domain
163,Domain_3fb50e73121b91e843fb2810d29d4b3ccdb40d2dc839c120d657f7774b2e1c63,Domain
164,Cert_d570aebdd3b0f0b4194315d8df020dc805f114401fe3c6999967f60de17b6176,Cert
165,Domain_08829f2dd6a178e7fb32613ad3938e74107882fe83e421ae0ed00312c3b7ef7d,Domain
166,Domain_4fb2ba047c74b88b26c9067df19bacf53e794c61c787ffaa5a486570c28bf2bd,Domain
167,Domain_789f0533b28193bfce8b6d7ad74f18663bd6469980049fee1abf5ff6a03a48a0,Domain
168,Domain_5464bfc70050fc0cc8b4fcd05704acb90725dc7e46a2248933481c6d7cc8b014,Domain
169,Domain_0be595093d82f725615fb39fcf9450cbd7844da1eb6f5d298eb6e048ffc668ef,Domain
170,Domain_fd90d7dec81e3bf3563c44f88c5fcdad02d2841f6542263b7bfcdfedd40ca90f,Domain
171,Domain_296e3aada766b0d44e07a53f0ca088ff6ae0edb56a0e889982a43c62159af817,Domain
172,Domain_bf0ab67b636287cee2c8d9e74d4ee7ccf3d82fd704f909e92e105a66e3090067,Domain
173,Domain_8bcd69d51ec47fdd0418df83f3242e0cd6a33e26706c57696c7db7a6b0dc25b6,Domain
174,Domain_9f5d375ce37d4bd09537b3687446fe1d95861c82994b6b5518518ac3d9ad0edd,Domain
175,Domain_b20e21a5128b30a43f119be44175049ee6d1c86bfd03276032d0578fad683168,Domain
176,Domain_b7a32acda879b3c5bb3b3d7b62541267f0a4018681169e5401e639462590d49f,Domain
177,Domain_477aa732833cd90dc832d39755e661814e649cfa6daf3d2a43f8b63ae45ab8dc,Domain
178,Domain_47e2f5fda3ceac3b77303de7589cc54ac37cf10693598a7ea8a6fcf2e90fdf3d,Domain
179,Domain_96c29aa7b1841b728584ca015057098ba4a8a0d8afa1ae8506bb5f20c37a6f92,Domain
180,Domain_35a7c70f7617cb057a56f81583037996d8bf044777a9faf67febbf8841dc4c75,Domain
181,Domain_1fd546cd3529c751fa7c9dce275cfe5f382e4d1981adae846a587147fb4079db,Domain
182,Domain_037e26b9416b7ad0c0992bb62dd857011760ad59e39e70810e2f7de249cc3061,Domain
183,Domain_ee59cbcc1be672e65bafd2cdee9d36ec67357271424e3ca2c24895bdf4337c4f,Domain
184,Domain_45bb77d0e64eb9029ec366d7dc103ac5af84496a086dbe4d8d7c4498ba89a0a0,Domain
185,Domain_4d7596190823efe77aaf8f6c605fc5abd6e469c7ff3bec14f43ae3fdb3d8a826,Domain
186,Domain_9f84addeb46579bbbbf08e46661f8896d6ca7bfcd5bfda6be52a7fd0e13c5922,Domain
187,Domain_fc6db6cbd74d694300d9a7b0cad1041dd6194d0de44ade3d709d912b02983b2f,Domain
188,Domain_f1c6e5de5e7593020c343eca186d84b9095c01a5fa2ab398b01678aa619f1405,Domain
189,Domain_3b95ab51baa496dd84544423379098bc22baaec5f026d1407c2f4b60039066ab,Domain
190,Domain_6410f178f60904fca84727afc44ac8dd9b5375df44c5f0c63853e70696db310d,Domain
191,Domain_ab06b0f5ee5b2499733a7c9ccb0aec2f951b938d4da225b60ee2c981e64ca4e9,Domain
192,Domain_af3b1c94b5ee1844a08519ec66eb2a9e9060a2ca41d8d8cb7841820b1415c005,Domain
193,Domain_fae18a3f2ebdaf270b9c644c982cca07112cf89405a387cb94f76738186ab3dc,Domain
194,Domain_0316d820556f89b3798d4c439e477e32a8714c91ca5363d9797c84a702ca1bb8,Domain
195,Domain_974f35a551eee9c2493751dbbcacbacce3b47ffe4fe89894917ec903751a8c94,Domain
196,Domain_19c9d904bfe94cb23635779b7864543421b6971cc4fce651c81bc601eafb1f9c,Domain
197,Cert_c992a7d7f01fae6098d8f1ba358002074db1b977cceafc07c04b40e657ec0425,Cert
198,Cert_a77b63d27d07fd9cc522afb93664f99d9f56f9edadf84e44ef4537748dc19141,Cert
199,Domain_407aa4f39ed75375fefa819071b77101aff1fc396d1edc074be9d3189a618649,Domain
200,Domain_8659e9de39a88dc208eae9c4eab0791afd0406142fd7220cac3e7793dc802a43,Domain
201,Domain_a45498cc65547bc816a3c83255c02b160d14e4125b039a151d034ea5e8316c90,Domain
202,Domain_71ce77b7e23f49c5502c06cc95226771ba2ec1cbf6d8490c29003c78eed4a4cb,Domain
203,Domain_8623e8d6c244e308dd93c8d771ab8d3a88ed81d8e0667f8169725702e414da4b,Domain
204,Domain_2eb74a7a2ee935ba37dd7ed58935041ffa60828cc8459729a0209ed0e879ec69,Domain
205,Domain_f6a5ffbe3609107c67362efaf5b804721398c40da76db27bc161aeef895e67bb,Domain
206,Domain_2e73c3b2eb9f5132a21a2a3521e62a7a93bce2ee8756fbffc21b14861ae06309,Domain
207,Domain_84ca5e741f8045f8991c60f47066da6c751105cd2b5cc6cb5cf09e500c0cd90d,Domain
208,Domain_569f28859782d5be95f251f65476be4a3a174664f005974536c01fb9dd5e9e9f,Domain
209,Domain_af34f03c571111693e01a25228ac73442a3f9382a4b441994e2772c1ccaf640a,Domain
210,Domain_d54f9fd5901ba5793b3e28a0edeec2cee4d53cd460a44ccdb37d1bd9ed598c1d,Domain
211,Domain_1804289630f967e67dd8d34645ce27a61dd2762e764f0035b50bae9dac5acc1d,Domain
212,Domain_b681576c23d07f88b27a354ba73174715317e5405954e214b77565c5971dc678,Domain
213,Domain_0e5303c47df6ee06a9b46e87279d0db47360b1c0ac049bcf65fcd1f401045121,Domain
214,Domain_75632a7b87a9fa8ee33691e2b669e77c8419974106bf3045bc3fb3660236a3fd,Domain
215,Domain_632a74b20d3a373852cfd2daf97c3d8617493b64b05456e2fa86f1c60fb7f886,Domain
216,Domain_006de3fc33e294584cfd43e82243cf3d34eadf9b88fd3c0e5b123f1d74cbd27e,Domain
217,Domain_85d0ef1478f452523768b12de525ad8b93fad0098350a864528d7b81b63380a5,Domain
218,Domain_303510ba58ede5ef4930c35bae49d759ce1b7d8ff3d0802a0a2ec229a63a07de,Domain
219,Domain_762f7982d7b64910aa69e35dc13c855937bfb360b757cde9358ab249beaf7151,Domain
220,Domain_c74f3c9706ce91c56a6686495c00f86619ab040ab9d822d30c7f2ba0947d258f,Domain
221,Domain_34188bf98e2ae9f272e8c74322c071dff13b2797ec7230f08c275dc2a22de84c,Domain
222,Domain_f66b30d5e69f63659a7dcad96e8409afac3498d0f268d9792fe58b8bdb3e32c2,Domain
223,Domain_0452dfc35498e6681d9eac1ad5ac999a65c0dd4968dfe9cf240896220338dd40,Domain
224,Domain_23b33bd0a96ccec60a124adca665ef443e5bca779c69b6eb47380dcbac350efe,Domain
225,IP_dcf3630d109e25e31f4ec590e83509d90a95874ed53e32914e0eb2f4b56e6639,IP
226,Domain_a8ab137696791839e437da34627040e1d207ae4f6cc3b0261696c6bae6e5609b,Domain
227,Cert_554c9a81250bf154cdfc03c41f10cbc04bbd1d710d4c45c1b7131b9d99358bb8,Cert
228,Domain_8cc9847914633ccd0d0097f99f747a3139c936252b6268f56d9f5453b4514f8e,Domain
229,Domain_c02ea74c1172f2011bd716f2d723895ad96abd5d140763a859f539efc14dbd74,Domain
230,Domain_498ebe23c2e7986118f1818051572258873b6e5668e4a095db51e6434df651a3,Domain
231,Domain_623c21247fdadb8ce83e6546b3b137bb6748fd016e06569e800e6882b950c2f7,Domain
232,Domain_f5d1cf49688d66c61f5a228d176f0b4e0bff01ff43c6453e3436f1f166f00f7a,Domain
233,Domain_50bea394c1295a795ce17b38bf0473e5233adcec70288996f5098f9bfc2d9c06,Domain
234,Domain_78fbdf3b2080766aca017c8c63e1784f5768a85bba92729921c41699c3e1257a,Domain
235,Domain_a6fdd3cefa8c6bacdab85553b6d6a9d661c1cdb47275c3403c25d3aca184f40d,Domain
236,Domain_b366bd79028f73b7623d903f0e4ef9011316f6530efe6758123b7425972e992f,Domain
237,Domain_9f5867654d9c8b68d9ea5218e4f23c2c6afc1e76781475dc90bb26f938c8cfad,Domain
238,Domain_50dad421b2e8721a81615130e0dd051e588b9556bd628b7db326639d08acaf50,Domain
239,Domain_ec6c5dc691e616e2c7277ddf03b36cb6fac540ac241e8b0c9388e5b5adc3cc1c,Domain
240,Domain_ac141250eeba608b0af10442269b2ed01a5dc0f591035eeb6425782250d96dad,Domain
241,Domain_ac34b490b5b0080dd947b82dcf0df4b7be10f1acb1bd53b2f5be73259a987a21,Domain
242,Domain_16023ca575a5928cae1bedd9cc05931b6ee0b16b89b7d73b92a77edf9ba3504a,Domain
243,Domain_7a0cc4292ea9d068a92a43208dd06eba25c7252c29121b3d922a6c1f587f8245,Domain
244,Domain_c7db50a937614899e7d674d96805e98f194f5988f31ba4df0acac08dff7fcff0,Domain
245,Domain_d09e8d3d5fe6bf3eaba10475e4ec3622db3d5dbe9a6204beb968d84825faa38a,Domain
246,Domain_06265ddc1c219ba2bdedff07dd27f44880ba0e6727bb9796687824eeb8a63941,Domain
247,Domain_f59e626eae6ab3e933fae0681600d2a040613087ae62f515db601865f9a39486,Domain
248,Domain_5f7afafd74dacfa017a17a151e2bcdbf28e3a3c9ebad42718cecccfaf94015f4,Domain
249,Domain_1f64862445508dd442015ffa63714f7fe06713f1db646c4e1077adee710e3ea6,Domain
250,Domain_669e0ea48c34a2f331428fc4ba0f79b8ee740a0964740797080ae49e27fd233a,Domain
251,Domain_f46e5f94353739791888a84219ffcf3b20e80037520a8d92d0ee563a04894d21,Domain
252,Domain_04ca992e4a8b7528a3a80beef8f8d544f1cf1455554a171c0a03a3570f1ce8c1,Domain
253,Domain_2fda6b5ce55431303dba8865097d84e5f6db156ed6b04cf376c687aa8c671585,Domain
254,Domain_51bc5f14e81b1b879c08abbb0fe8105ec24c24c72436b91f9061e2d5aba20761,Domain
255,Domain_12b66664cb475ab391300c66dd5f5016de77d5ac791e42b3c5afc13e85f23995,Domain
256,Domain_3417d21d72ef1dd44ffd181378300694d1075b2e1f065e33e8113110cbe1b92c,Domain
257,Domain_4591ce58742a305872a68f9f8239610751b2a2cec89f91d1afb5eea8b3565384,Domain
258,Domain_4579610e77aa644a25a472546b214e123efd8faa5ebe2be0dcb289aea38ede7e,Domain
259,Domain_d1bd04d218e0cbb1b32528a852e2fcee65e45b5641e5fd680d7476fb83590557,Domain
260,Cert_a248c5451f7e424e294e57e560f2a8203845d40d110776adcfd8b395b2429ab1,Cert
261,Domain_cf4a2e60f73247c4a9c9fdb1f01021c86baa21412ec9730d82a149f35c1ad198,Domain
262,Domain_86e717e12fcf3cf65ed6415920b7ae8baead00eb778c1d0584355cf75eed0c03,Domain
263,Domain_e998645a62e8b982112093acf8287631f58a999dafc6ed68f33c5c6ffa302183,Domain
264,Domain_f7a2c9e9efed756ef4db4e9d74faebaa1cef992355d47e351a3c38230872f03c,Domain
265,Domain_05dcbd2cada6f73557cd1f746ff7523c45daea242d15eb1a52621e6f39bba10b,Domain
266,Domain_10b31e3d91ae2e7be5b137cbe063e5cb76809d2855b617b716de563ed9ea62c2,Domain
267,Domain_ad0543df3039b880d2727ee0c3b181c8b4bf6bb17213a6480bd4267b80b6ed94,Domain
268,Domain_55e239fef012b0af98c53edcf6265ce3467fe520c4cab3d9ad557ac1ced8852f,Domain
269,Domain_e78a3e82b4bf7759f7b32570f1adb4f9fa9e0ca5c8ef5515adf66d09b1a7e278,Domain
270,Domain_0c6b6fd254461fd8286c99e9f8d8f6883fcd473268b4262fa14d57c24861940c,Domain
271,Domain_e9f1bbffd69e2f0d459c95d91aea7f5bbb6ab421df793e0841a06d221adaff9d,Domain
272,Domain_f74c63ed4018b4ee299e48205a4d681597f9c2b9628da7e65723aea088955435,Domain
273,Domain_37552252ab1c3fe978f8ea03abc96afa4c8cc53b1db86db5a6cab213626eae49,Domain
274,Domain_f6cd8e5757e24624e632006992fe4766fc1888f957d071143fbcc1df988537c4,Domain
275,Domain_265b53db354c9a8fc6479f5c74a46412405247bfe4ff1e77d8a64c5fd5a01e75,Domain
276,Domain_b3823d8bacbf61540a83efb2e1b401e4a26b8689683fe747082b6c993ebcd356,Domain
