source,target,relation,isKeyline
IP_6a3acd21708c147319a900615bd420e791cd5f466315f9bdbc8e702cc0c6d4fa,IP_CIDR_5ca2aa26f57326f69828521fda73efdb548e9d498d9f3c06ddba55b004a5708a,r_cidr,0
IP_6a3acd21708c147319a900615bd420e791cd5f466315f9bdbc8e702cc0c6d4fa,ASN_a86c15455bcb9b7967833d13f513d8b030183a92137f02f26f9a0d6415521224,r_asn,0
Domain_ac8de395fcde3804db239ed89788ad6e5fbd872abdde1035f242008c3908a1ce,Whois_Name_d519c32dfbc7ae45be70384ee5ca6744a8696b7548eaf393ca1ce5e6a96d0144,r_whois_name,0
Domain_8181beaac467e3c6cfed369e2a5150fda9ee491b466bdf1bdedd1b5a1763fea1,Whois_Name_d519c32dfbc7ae45be70384ee5ca6744a8696b7548eaf393ca1ce5e6a96d0144,r_whois_name,0
Domain_7a20c7f30d433c4908823e841f8f57d2e03dd42bcfb764b83750bcb11aca7093,Whois_Name_d519c32dfbc7ae45be70384ee5ca6744a8696b7548eaf393ca1ce5e6a96d0144,r_whois_name,0
Domain_cb5d67c70ca8c210497cffd1d32288df7e8030578170e8570eac3cc318f1a61d,Whois_Name_d519c32dfbc7ae45be70384ee5ca6744a8696b7548eaf393ca1ce5e6a96d0144,r_whois_name,0
Domain_8314ef247f74baf6943ad3bdeecd2cfcdf47a307e8f010648039195dfa5dcc4b,Whois_Name_d519c32dfbc7ae45be70384ee5ca6744a8696b7548eaf393ca1ce5e6a96d0144,r_whois_name,0
Domain_79d56107ec1353f5b39bd465b775ea75d41a21103c05920349a92e8fd0fb6899,Whois_Name_d519c32dfbc7ae45be70384ee5ca6744a8696b7548eaf393ca1ce5e6a96d0144,r_whois_name,0
Domain_00c36c0ce9728bccc3276ddc4731caafd21895dea739d9995db380265675eb8e,Whois_Name_d519c32dfbc7ae45be70384ee5ca6744a8696b7548eaf393ca1ce5e6a96d0144,r_whois_name,0
Domain_77f6a8b4f6c2db087d371bb4513d3a6fb3f1868d39775f96306adabaa606378b,Whois_Name_d519c32dfbc7ae45be70384ee5ca6744a8696b7548eaf393ca1ce5e6a96d0144,r_whois_name,0
Domain_fbba32a27091034ad01bfb63aaf3d44ea3c792f438c8ac1d9a8709e7e6181d71,Whois_Name_d519c32dfbc7ae45be70384ee5ca6744a8696b7548eaf393ca1ce5e6a96d0144,r_whois_name,0
Domain_04e1c38671f808b7673c0540fa94e56e5b69ccb643c7eb009dcdd1ae06b6b131,Whois_Name_d519c32dfbc7ae45be70384ee5ca6744a8696b7548eaf393ca1ce5e6a96d0144,r_whois_name,0
Domain_c01de4deeaad49b3f4784e8d5d8174f2e3ca7b857cf1dba8b0df8dbe1c17051a,Whois_Name_d519c32dfbc7ae45be70384ee5ca6744a8696b7548eaf393ca1ce5e6a96d0144,r_whois_name,0
Domain_39204f37a807d7866ac5a56cda49fdfce8b016331ea08f7237fa994dc712e4b8,Whois_Name_d519c32dfbc7ae45be70384ee5ca6744a8696b7548eaf393ca1ce5e6a96d0144,r_whois_name,0
Domain_46a9f56f68a815885f724251bd00498b0859881ff53f7716eb07288592c75100,Whois_Name_d519c32dfbc7ae45be70384ee5ca6744a8696b7548eaf393ca1ce5e6a96d0144,r_whois_name,0
Domain_37b720e991050a71107ffa84d35809ea38cdd41c511924866b92eaa6725bfbf8,Whois_Name_d519c32dfbc7ae45be70384ee5ca6744a8696b7548eaf393ca1ce5e6a96d0144,r_whois_name,0
Domain_e578f99318043bd029d7b31f40be88706a8940ceca6a3b48efabf881a80ad63c,Whois_Name_d519c32dfbc7ae45be70384ee5ca6744a8696b7548eaf393ca1ce5e6a96d0144,r_whois_name,0
Domain_40775c66dc787a959706adebd474fccbdb22ed886cee4f299bb40f3a78c4938d,Whois_Name_d519c32dfbc7ae45be70384ee5ca6744a8696b7548eaf393ca1ce5e6a96d0144,r_whois_name,0
Domain_bf63e031bf910796559a096f846f7249741783c02f29968ce7eb548d89ddb3c6,Whois_Name_d519c32dfbc7ae45be70384ee5ca6744a8696b7548eaf393ca1ce5e6a96d0144,r_whois_name,0
Domain_1fe68f81dfb4e0395842a944e81016f0d92e833fdf9dac425855140211f3921c,Whois_Name_d519c32dfbc7ae45be70384ee5ca6744a8696b7548eaf393ca1ce5e6a96d0144,r_whois_name,0
Domain_745f90e23306271e0caa717dd8f1502f58025ddda3d82033ba5bfee6981567c5,Whois_Name_d519c32dfbc7ae45be70384ee5ca6744a8696b7548eaf393ca1ce5e6a96d0144,r_whois_name,0
Domain_0e800cc236ddedee0165f17462a3c188cafdb0235736624f960ab1fda9e27de2,Whois_Name_d519c32dfbc7ae45be70384ee5ca6744a8696b7548eaf393ca1ce5e6a96d0144,r_whois_name,0
Domain_aed9092d5a903725a3a770060551f77baeed23f7b3f60a195fd263aa4b1683f1,Whois_Name_d519c32dfbc7ae45be70384ee5ca6744a8696b7548eaf393ca1ce5e6a96d0144,r_whois_name,0
Domain_b3356ebc2c4bed72510fd7b0ac26263ad0694f407c62790eba6267d4ba4f9a70,Whois_Name_d519c32dfbc7ae45be70384ee5ca6744a8696b7548eaf393ca1ce5e6a96d0144,r_whois_name,0
Domain_2d42a4cae92fc342599851995a01bd5b7707f7fce5ecd6688e6575e487cd1900,Whois_Name_d519c32dfbc7ae45be70384ee5ca6744a8696b7548eaf393ca1ce5e6a96d0144,r_whois_name,0
Domain_546696791854ab095f3d02087d8042a487ebda2c11f101eff716a2c4f37cde46,Whois_Name_d519c32dfbc7ae45be70384ee5ca6744a8696b7548eaf393ca1ce5e6a96d0144,r_whois_name,0
Domain_fd374849ec7bf9b51c54fcbe815ee1d74cadaab6324295cd14f94c108c2ff274,Whois_Name_d519c32dfbc7ae45be70384ee5ca6744a8696b7548eaf393ca1ce5e6a96d0144,r_whois_name,0
Domain_a1983b9d517caec89b5f68358391c1eaf8ad66b68d46753ddfc600c4d2d0edfe,Whois_Name_d519c32dfbc7ae45be70384ee5ca6744a8696b7548eaf393ca1ce5e6a96d0144,r_whois_name,0
Domain_9be75c7919feac9a15b603d892943d7cc9dc12c0c05abf7e47e97407771c2e3e,Whois_Name_d519c32dfbc7ae45be70384ee5ca6744a8696b7548eaf393ca1ce5e6a96d0144,r_whois_name,0
Domain_8a74769e49fc7dbe455d50bf1361b5ed6ebfb854f3c0e7f4efce385f201c0159,Whois_Name_d519c32dfbc7ae45be70384ee5ca6744a8696b7548eaf393ca1ce5e6a96d0144,r_whois_name,0
Domain_c5f0161749e281be5aca12dff2db0fb88feb09d3994c4aac5b26a48fe724fc05,Whois_Name_d519c32dfbc7ae45be70384ee5ca6744a8696b7548eaf393ca1ce5e6a96d0144,r_whois_name,0
Domain_eb1f51033b293b9b04c3b59d64589f7f60e22398dd032682f9d7c7825218f8b6,Whois_Name_d519c32dfbc7ae45be70384ee5ca6744a8696b7548eaf393ca1ce5e6a96d0144,r_whois_name,0
Domain_a88250d649fd632b429b5a55620fb199ae1009a80e60f0ee998be8cc26c94545,Whois_Name_d519c32dfbc7ae45be70384ee5ca6744a8696b7548eaf393ca1ce5e6a96d0144,r_whois_name,0
Domain_d28c6bdb75ae19d9d406760723794b9a24afb77ddf84c7657bf5309e8168cadf,Whois_Name_d519c32dfbc7ae45be70384ee5ca6744a8696b7548eaf393ca1ce5e6a96d0144,r_whois_name,0
Domain_99ad28e94534b120586925b02be02cc49be52fb73f12d379551df5e87ddb7b5b,Whois_Name_d519c32dfbc7ae45be70384ee5ca6744a8696b7548eaf393ca1ce5e6a96d0144,r_whois_name,0
Domain_0f42cda25d97edb435023a21e5d142e503cde5980755bc9cba5abf3aca800ee8,Whois_Name_d519c32dfbc7ae45be70384ee5ca6744a8696b7548eaf393ca1ce5e6a96d0144,r_whois_name,0
Domain_79d892ddeb6b0a2d4110290fb99ffa3d77b735e621c7dee645990f089ee038a2,Whois_Name_d519c32dfbc7ae45be70384ee5ca6744a8696b7548eaf393ca1ce5e6a96d0144,r_whois_name,0
Domain_a81bff8d86e1656b730321d2ee02850d92214c14acf7560dde08d5c4ae2e4d97,Whois_Name_d519c32dfbc7ae45be70384ee5ca6744a8696b7548eaf393ca1ce5e6a96d0144,r_whois_name,0
Domain_4a196888bc3d4e70c73798f801193b31e01a6b6a7d78e169aa4a3d449c70b7b2,Whois_Name_d519c32dfbc7ae45be70384ee5ca6744a8696b7548eaf393ca1ce5e6a96d0144,r_whois_name,0
Domain_cbc187c157407d974b3cb6f5ba9bae447701b94ba302ff173990818d94bb53bc,Whois_Name_d519c32dfbc7ae45be70384ee5ca6744a8696b7548eaf393ca1ce5e6a96d0144,r_whois_name,0
Domain_0f2fa28e90554aa6e7efc3fbb99bc78705de83ffaf6d6059fbe284cf9a986d07,Whois_Name_d519c32dfbc7ae45be70384ee5ca6744a8696b7548eaf393ca1ce5e6a96d0144,r_whois_name,0
Domain_3d1969427b903f6ad2bdc7984bbaab6400f789a52c1637392536c87cbefda956,Whois_Name_d519c32dfbc7ae45be70384ee5ca6744a8696b7548eaf393ca1ce5e6a96d0144,r_whois_name,0
Domain_e2585dcc55d583df040791e0390669f16a3779670ffd0a50d1fc79b589897b99,Whois_Name_d519c32dfbc7ae45be70384ee5ca6744a8696b7548eaf393ca1ce5e6a96d0144,r_whois_name,0
Domain_c8f8418bdb6d810959ec421f6383eab4af835131f4c552c5b0c97794c3f11325,Whois_Name_d519c32dfbc7ae45be70384ee5ca6744a8696b7548eaf393ca1ce5e6a96d0144,r_whois_name,0
Domain_dcdbacbe11ab4bbc92c65a636a0b9f14ae87f2c946bd1419d8623e85364e10ce,Whois_Name_d519c32dfbc7ae45be70384ee5ca6744a8696b7548eaf393ca1ce5e6a96d0144,r_whois_name,0
Domain_9003b6a97d530d9722c17eb55c3f1320ec365214fab39a686d3f6bca533548e9,Whois_Name_d519c32dfbc7ae45be70384ee5ca6744a8696b7548eaf393ca1ce5e6a96d0144,r_whois_name,0
Domain_33a4e9a90cacdb633a485d4b6cfae8e915cd6650ab2ec0e81a99d05a1ce75c73,Whois_Name_d519c32dfbc7ae45be70384ee5ca6744a8696b7548eaf393ca1ce5e6a96d0144,r_whois_name,0
Domain_c55a2ec9776920af4f201388f32393fae3e52cde87bc7a5e22256c15c0293865,Whois_Name_d519c32dfbc7ae45be70384ee5ca6744a8696b7548eaf393ca1ce5e6a96d0144,r_whois_name,0
Domain_ab701d93237cedd43fe17195c946dcae6afac263254825bf24bd29f75c3c0288,Whois_Name_d519c32dfbc7ae45be70384ee5ca6744a8696b7548eaf393ca1ce5e6a96d0144,r_whois_name,0
Domain_2a55cfd5c0d414d5c43d6037df15d6bebfa0290b40542bee7928e0e55e323b23,Whois_Name_d519c32dfbc7ae45be70384ee5ca6744a8696b7548eaf393ca1ce5e6a96d0144,r_whois_name,0
Domain_f92a11b573700b4ecc4568d3ffb73ed58378dcf241ed21cdbe27b34f0d0edfe2,Whois_Name_d519c32dfbc7ae45be70384ee5ca6744a8696b7548eaf393ca1ce5e6a96d0144,r_whois_name,0
Domain_df25a6dbb0a8c45fd3569c0d41358873900297d071a4a7b8f5706fe1bcd62dce,Whois_Name_d519c32dfbc7ae45be70384ee5ca6744a8696b7548eaf393ca1ce5e6a96d0144,r_whois_name,0
Domain_990810e198f6b6cc4ec4d37a050205dfbbc717a0a4553945ff83f15cc2faa043,Whois_Name_d519c32dfbc7ae45be70384ee5ca6744a8696b7548eaf393ca1ce5e6a96d0144,r_whois_name,0
Domain_6fcc53e80cc530875d56838facf1b7d3cc388e382405291de188210802c23a62,Whois_Name_d519c32dfbc7ae45be70384ee5ca6744a8696b7548eaf393ca1ce5e6a96d0144,r_whois_name,0
Domain_98d9070cf6fd92d6ad10ef0629e8e1d745b35f8460408c06929f0bae4745917f,Whois_Name_d519c32dfbc7ae45be70384ee5ca6744a8696b7548eaf393ca1ce5e6a96d0144,r_whois_name,0
Domain_c434292a562587434e6c4db7c31eed60ca0dd2f8f9dc53bb8479900142ccd6ad,IP_6a3acd21708c147319a900615bd420e791cd5f466315f9bdbc8e702cc0c6d4fa,r_dns_a,0
Domain_c434292a562587434e6c4db7c31eed60ca0dd2f8f9dc53bb8479900142ccd6ad,Domain_1ba8be3b50cdc0b726234a6defffbeab16a036049c37f0587e12ff9a1139171e,r_subdomain,0
Domain_c434292a562587434e6c4db7c31eed60ca0dd2f8f9dc53bb8479900142ccd6ad,Domain_7baf94ea92ede9d5defc3fe1d6958a7fac1bce8aa8ad2ee683fafd3f447ae45d,r_subdomain,0
Domain_c434292a562587434e6c4db7c31eed60ca0dd2f8f9dc53bb8479900142ccd6ad,Domain_45ae3d616d3e64121c62e0eb0e3fe6e689f05ab85d90f760aca2dacb6e030535,r_subdomain,0
Domain_c434292a562587434e6c4db7c31eed60ca0dd2f8f9dc53bb8479900142ccd6ad,Domain_bd223e6542c697aae5883e4b430911a4fedee3b117409ecfdbec332a41fac842,r_subdomain,0
Domain_c434292a562587434e6c4db7c31eed60ca0dd2f8f9dc53bb8479900142ccd6ad,Domain_0645913b1ef98ec230ca13fdc07dbab4b6a794d90b4a6e00fd846f620a95fe3f,r_subdomain,0
Domain_c434292a562587434e6c4db7c31eed60ca0dd2f8f9dc53bb8479900142ccd6ad,Domain_a35bd966574b0822d70b558e1d3e41534280fd0ec26351928572ccf18c9abc29,r_subdomain,0
Domain_c434292a562587434e6c4db7c31eed60ca0dd2f8f9dc53bb8479900142ccd6ad,Domain_ccc183d77cfa9c4e146866b3f5f2fdacdb358ca39ecef1641291dc2003de463a,r_subdomain,0
Domain_c434292a562587434e6c4db7c31eed60ca0dd2f8f9dc53bb8479900142ccd6ad,Domain_681299dfaafb8107274c1ab2ba04b29a52e28d3971a7bfadbb83914d02c8a5c0,r_subdomain,0
Domain_c434292a562587434e6c4db7c31eed60ca0dd2f8f9dc53bb8479900142ccd6ad,Domain_7e9aeebf318924b3fc56e474df6797e0aaf2777642ed51071c1a26b9cac768fb,r_subdomain,0
Domain_c434292a562587434e6c4db7c31eed60ca0dd2f8f9dc53bb8479900142ccd6ad,Domain_c06b6aedd85d432ee70c02661311aee933a0f0104b585e194cc6a0f7151e6c77,r_subdomain,0
Domain_c434292a562587434e6c4db7c31eed60ca0dd2f8f9dc53bb8479900142ccd6ad,Domain_b6a87c0a4678ea397cb8a2ad6675893a7eebdfafc4df960f0a5a6f822be90cb1,r_subdomain,0
Domain_c434292a562587434e6c4db7c31eed60ca0dd2f8f9dc53bb8479900142ccd6ad,Domain_bf00380db81ecaa7b3375b1425c94c234eb6ed84a7a1fba3bad1469aacb36634,r_subdomain,0
Domain_c434292a562587434e6c4db7c31eed60ca0dd2f8f9dc53bb8479900142ccd6ad,Domain_df8b5be9f6fd28b57b04f1cb139648328e3d10d429ccee17d877d9515ae2d15e,r_subdomain,0
Domain_c434292a562587434e6c4db7c31eed60ca0dd2f8f9dc53bb8479900142ccd6ad,Domain_bba91828f3731ebf7bf4e2cd1548f6ff379b8f1b80b95dc5e8123b726bea54cc,r_subdomain,0
Domain_c434292a562587434e6c4db7c31eed60ca0dd2f8f9dc53bb8479900142ccd6ad,Domain_aa3a3be351ba423511fcfc16ec5a5f86d8ecb2f006c11549c7a177b76b4c8a7d,r_subdomain,0
Domain_c434292a562587434e6c4db7c31eed60ca0dd2f8f9dc53bb8479900142ccd6ad,Domain_c2ad90320d216918e35cbe25b0450adbe2c9fed3a16fea9c7c475af8777a86a0,r_subdomain,0
Domain_c434292a562587434e6c4db7c31eed60ca0dd2f8f9dc53bb8479900142ccd6ad,Domain_b5469987c21bd49f2ec326308d217e7ac1258067f712543af4ef86202089787b,r_subdomain,0
Domain_c434292a562587434e6c4db7c31eed60ca0dd2f8f9dc53bb8479900142ccd6ad,Domain_f5475f78aa5dc47ad07a92cf2b298ff6239e1e3a0dc92360ae5e9f7b0032bc53,r_subdomain,0
Domain_c434292a562587434e6c4db7c31eed60ca0dd2f8f9dc53bb8479900142ccd6ad,Domain_a723331f8f9e1b7ced343fe3243ff3193144481c1a19a42d8c2018b4c6a5ee9b,r_subdomain,0
Domain_c434292a562587434e6c4db7c31eed60ca0dd2f8f9dc53bb8479900142ccd6ad,Domain_006a680f311cf72c9e1d0d91d68fdaa17ee30bd486737a45aaae1936f5e20611,r_subdomain,0
Domain_c434292a562587434e6c4db7c31eed60ca0dd2f8f9dc53bb8479900142ccd6ad,Whois_Name_d519c32dfbc7ae45be70384ee5ca6744a8696b7548eaf393ca1ce5e6a96d0144,r_whois_name,0
Domain_5b14251e188ddd81ad5978d6238507a8ef981f82eb3271e5cce12bc7402cc56e,IP_6a3acd21708c147319a900615bd420e791cd5f466315f9bdbc8e702cc0c6d4fa,r_dns_a,1
Domain_5b14251e188ddd81ad5978d6238507a8ef981f82eb3271e5cce12bc7402cc56e,Domain_c44a5d35b2ce6e7fd204f5060cb3b917cfea4c368014deeab34d1674dbf62280,r_subdomain,0
Domain_5b14251e188ddd81ad5978d6238507a8ef981f82eb3271e5cce12bc7402cc56e,Domain_4bd40d41f48f360ff869345e13d6d4fc7257f84f6e95da0d8611007a66c7dbd0,r_subdomain,0
Domain_5b14251e188ddd81ad5978d6238507a8ef981f82eb3271e5cce12bc7402cc56e,Domain_9fb82c53c7201ff7497246f3c12fee6ceccb1ad03971e845c8bf5193f9fc0381,r_subdomain,0
Domain_5b14251e188ddd81ad5978d6238507a8ef981f82eb3271e5cce12bc7402cc56e,Domain_bfcc91b8d908c0a131712dc4302ade1f7847cb9cbd1ea4a3d868fa76460af0fd,r_subdomain,0
Domain_5b14251e188ddd81ad5978d6238507a8ef981f82eb3271e5cce12bc7402cc56e,Domain_5381243ec507a9b6b7c3714e4cbf4d241195ab9be2a0ae21a06df603b8e2a15f,r_subdomain,0
Domain_5b14251e188ddd81ad5978d6238507a8ef981f82eb3271e5cce12bc7402cc56e,Domain_ac8b5fc3019ee2a62405d8214275abcc11f35e77d3ac1ff7c8aabee6bdd342ef,r_subdomain,0
Domain_5b14251e188ddd81ad5978d6238507a8ef981f82eb3271e5cce12bc7402cc56e,Domain_bceaf306a50f6af6abd9ae88951bd16429cd23ee0c94ec3978317d205cf2829c,r_subdomain,0
Domain_5b14251e188ddd81ad5978d6238507a8ef981f82eb3271e5cce12bc7402cc56e,Domain_f0132aa78d9583da06091e0fc41201ff0a6f9629f2a00c486ae894fa86097b7e,r_subdomain,0
Domain_5b14251e188ddd81ad5978d6238507a8ef981f82eb3271e5cce12bc7402cc56e,Domain_91273c8b3c1ce77770c6ef30c732b113bf3deae1a9f7d9cfa98b487cdb571142,r_subdomain,0
Domain_5b14251e188ddd81ad5978d6238507a8ef981f82eb3271e5cce12bc7402cc56e,Domain_74dcc3c2a5f3c3f91eeaeef88e75308e68ca47f511ad5c21eb2cfe0c4a289abe,r_subdomain,0
Domain_5b14251e188ddd81ad5978d6238507a8ef981f82eb3271e5cce12bc7402cc56e,Domain_3457f6ddd07ff2fafa16e4889b2fb94d212d090fed106945d1a6e67bbefcf1c6,r_subdomain,0
Domain_5b14251e188ddd81ad5978d6238507a8ef981f82eb3271e5cce12bc7402cc56e,Domain_ef2133562bbe0572090c39e72d57b06e958ba90caa09cfd299930b161acf6507,r_subdomain,0
Domain_5b14251e188ddd81ad5978d6238507a8ef981f82eb3271e5cce12bc7402cc56e,Domain_2fe9757a54b983b43c5af82ce6e4c01798007085e9518a2181bda0a409ac9114,r_subdomain,0
Domain_5b14251e188ddd81ad5978d6238507a8ef981f82eb3271e5cce12bc7402cc56e,Domain_13e179588e48d40af59fb9adfe19c6c6f33598ec1f8cf59a0d1b6336470cb6a1,r_subdomain,0
Domain_5b14251e188ddd81ad5978d6238507a8ef981f82eb3271e5cce12bc7402cc56e,Domain_be31c8c40e58b5d5385c713ac2e9e1fbe4cb460c073a4c080c25386abcc24291,r_subdomain,0
Domain_5b14251e188ddd81ad5978d6238507a8ef981f82eb3271e5cce12bc7402cc56e,Domain_f0ec60605f5e46f2a6dad8947284cc32a4b6895c15aa1cd2c0aff1b4d33af044,r_subdomain,0
Domain_5b14251e188ddd81ad5978d6238507a8ef981f82eb3271e5cce12bc7402cc56e,Domain_e5c22424506c8b82804ec44a76cab7c580c5ace9335d83df21f9c7a50ad604e8,r_subdomain,0
Domain_5b14251e188ddd81ad5978d6238507a8ef981f82eb3271e5cce12bc7402cc56e,Domain_b1908902a54290f024bc755fddfd37525f8bdcb45cbfc65916002af79da78060,r_subdomain,0
Domain_5b14251e188ddd81ad5978d6238507a8ef981f82eb3271e5cce12bc7402cc56e,Domain_35648fc516367001cd6456816186fb1603400ab32f73cbbfe2ce4e020318f21e,r_subdomain,0
Domain_5b14251e188ddd81ad5978d6238507a8ef981f82eb3271e5cce12bc7402cc56e,Domain_41135222b8698ce76a67fb40e1890d2017cd96d82a43160b82abdbb789182098,r_subdomain,0
Domain_5b14251e188ddd81ad5978d6238507a8ef981f82eb3271e5cce12bc7402cc56e,Domain_50881c28bfda00432792475327c44ebdf7777b6f1947d9b039acb99602e4c010,r_subdomain,0
Domain_5b14251e188ddd81ad5978d6238507a8ef981f82eb3271e5cce12bc7402cc56e,Domain_76d8deacdb6a8b7ce7b3a586f5988837fc543bef4dd83e9b8de054ff728bb65e,r_subdomain,0
Domain_5b14251e188ddd81ad5978d6238507a8ef981f82eb3271e5cce12bc7402cc56e,Domain_76fe95ac03136f0f7215d2280ce1906ac52c94bc2c9f969b3867ec7c0685efb7,r_subdomain,0
Domain_5b14251e188ddd81ad5978d6238507a8ef981f82eb3271e5cce12bc7402cc56e,Domain_583d4f7f6b506a1fa87ec8e32adc13cce614330fdf99015bd70d72edd0186e39,r_subdomain,0
Domain_5b14251e188ddd81ad5978d6238507a8ef981f82eb3271e5cce12bc7402cc56e,Domain_be24f06929622ae4048eb4617e528f0d696f6cb7e59739c10549f09c5ed5b888,r_subdomain,0
Domain_5b14251e188ddd81ad5978d6238507a8ef981f82eb3271e5cce12bc7402cc56e,Domain_1c38ff712002534f07b3d52a77a1e53ffbc590e97bfcb598ed17019937b323aa,r_subdomain,0
Domain_5b14251e188ddd81ad5978d6238507a8ef981f82eb3271e5cce12bc7402cc56e,Domain_79bc2ec045629974749308b7f1acd7be39055762f7f52e6345a785a7146e8b27,r_subdomain,0
Domain_5b14251e188ddd81ad5978d6238507a8ef981f82eb3271e5cce12bc7402cc56e,Domain_2318882b426b5b955760c35b8f909d126d3b6954c1316802faac3b72065b3321,r_subdomain,0
Domain_5b14251e188ddd81ad5978d6238507a8ef981f82eb3271e5cce12bc7402cc56e,Domain_0ddc45fd9c8c01f50e0a7cf4a1e56776ab653c656725aa8af000a03d23a09ec0,r_subdomain,0
Domain_5b14251e188ddd81ad5978d6238507a8ef981f82eb3271e5cce12bc7402cc56e,Whois_Name_d519c32dfbc7ae45be70384ee5ca6744a8696b7548eaf393ca1ce5e6a96d0144,r_whois_name,1
Domain_5b14251e188ddd81ad5978d6238507a8ef981f82eb3271e5cce12bc7402cc56e,Domain_ccc29407fb130e8c56d8de4209862b723715440c72d8a2a92e627e063c3fa1fd,r_subdomain,0
Domain_5b14251e188ddd81ad5978d6238507a8ef981f82eb3271e5cce12bc7402cc56e,Domain_7e7a085088f3c4aa8552129769b4893a507e40883c5c12a0afc3c50951f3f030,r_subdomain,0
Domain_5b14251e188ddd81ad5978d6238507a8ef981f82eb3271e5cce12bc7402cc56e,Domain_752c6cbde99368bceee191d6253e50cf4ff6db89c220aa1302052ed4209a5cf5,r_subdomain,0
Domain_5b14251e188ddd81ad5978d6238507a8ef981f82eb3271e5cce12bc7402cc56e,Domain_c7f9652d5c3e185a3ef91a92fd5435445decb53fc757eaa033bd737ec2c6a2b8,r_subdomain,0
Domain_5b14251e188ddd81ad5978d6238507a8ef981f82eb3271e5cce12bc7402cc56e,Domain_5c657e6f26658e6f706d74d9d960a5edcb55ca8ec5f9ad97377e72ac019731b1,r_subdomain,0
Domain_5b14251e188ddd81ad5978d6238507a8ef981f82eb3271e5cce12bc7402cc56e,Domain_d61fb6d747bf0bc87081350e4960a176acf8bd52e28ebff7313accd4cee40ebb,r_subdomain,0
Domain_5b14251e188ddd81ad5978d6238507a8ef981f82eb3271e5cce12bc7402cc56e,Domain_63dd5bcb4a25a3ffb18cb4fb1fabebd819bb65db23dae3eb083b5e21ab939c76,r_subdomain,0
Domain_5b14251e188ddd81ad5978d6238507a8ef981f82eb3271e5cce12bc7402cc56e,Domain_84ab933244158ae9c8309adfe977db02de97bb95d1b6cbc5398e34e3549a71ef,r_subdomain,0
Domain_5b14251e188ddd81ad5978d6238507a8ef981f82eb3271e5cce12bc7402cc56e,Domain_bc95d02dce381c2dd999c0a8ae7650c8e695304832a3d2114b944530810359ee,r_subdomain,0
Domain_5b14251e188ddd81ad5978d6238507a8ef981f82eb3271e5cce12bc7402cc56e,Domain_3fa21594c224b7e32466bd3c6342f11fdeee73b6ac8bb8a4b90828a3b6af314c,r_subdomain,0
Domain_5b14251e188ddd81ad5978d6238507a8ef981f82eb3271e5cce12bc7402cc56e,Domain_edd7b289f263ddd0ebb8f3b74e205013c674edcdf873f814d63efc05e5550dc4,r_subdomain,0
Domain_5b14251e188ddd81ad5978d6238507a8ef981f82eb3271e5cce12bc7402cc56e,Domain_94da5ce2236b96186a98bf22ae0ebb72ce3f958cde3161e8cc6590d828350eb6,r_subdomain,0
Domain_5b14251e188ddd81ad5978d6238507a8ef981f82eb3271e5cce12bc7402cc56e,Domain_d9539a9c2257992c3b784b64bb32e39726d5f60c7db4aef03931d9f4cf1a2582,r_subdomain,0
Domain_5b14251e188ddd81ad5978d6238507a8ef981f82eb3271e5cce12bc7402cc56e,Domain_9ff923f87ea86c587a22d9105f2f784ab97d074fe3eb5b3288957a41358b3a4e,r_subdomain,0
Domain_5b14251e188ddd81ad5978d6238507a8ef981f82eb3271e5cce12bc7402cc56e,Domain_719278dae56e58a80d3549f5a20ecc92ebaa2d0c6dd21c59796c493158d9226d,r_subdomain,0
Domain_5b14251e188ddd81ad5978d6238507a8ef981f82eb3271e5cce12bc7402cc56e,Domain_5989b648daa7a94a4b718d160fe6f206dcdcb94a651a4396e4704579c4b591cc,r_subdomain,0
Domain_5b14251e188ddd81ad5978d6238507a8ef981f82eb3271e5cce12bc7402cc56e,Domain_a14430ed5a8d17ac4376671dba363ff8bfdb79baf8ef967d8d70e8a473228498,r_subdomain,0
Domain_5b14251e188ddd81ad5978d6238507a8ef981f82eb3271e5cce12bc7402cc56e,Domain_cf2b38599fff2073a27b9e1caf0b61b0dfe85a8b542776bc71d59a22e488a605,r_subdomain,0
Domain_5b14251e188ddd81ad5978d6238507a8ef981f82eb3271e5cce12bc7402cc56e,Domain_bfb6af5578dee7ca1f559b8267966d632036182713b8757f40cc5b15dd8095c8,r_subdomain,0
Domain_fabd743bf99b5dbd61eb88dde32337a3f8345dc1a0aaeb70c0e6f908427fa4f8,IP_6a3acd21708c147319a900615bd420e791cd5f466315f9bdbc8e702cc0c6d4fa,r_dns_a,1
Domain_fabd743bf99b5dbd61eb88dde32337a3f8345dc1a0aaeb70c0e6f908427fa4f8,Domain_5461226af34abb991dafba1917497e7f1580c47eca893c607a5a184e4631d835,r_subdomain,0
Domain_fabd743bf99b5dbd61eb88dde32337a3f8345dc1a0aaeb70c0e6f908427fa4f8,Domain_310bb81971c2561f51a29a87ec9bdd9a45e3f5acbd27e25bbcdaf0346ca95c04,r_subdomain,0
Domain_fabd743bf99b5dbd61eb88dde32337a3f8345dc1a0aaeb70c0e6f908427fa4f8,Domain_1291ae02220849643f10425e41339860d85c0e8ba00a93ccc2783b3489f6a192,r_subdomain,0
Domain_fabd743bf99b5dbd61eb88dde32337a3f8345dc1a0aaeb70c0e6f908427fa4f8,Domain_5fa895a34793ff9404804ddb7ed3b398faf3de95fe165dfee53c22072f9dcc8e,r_subdomain,0
Domain_fabd743bf99b5dbd61eb88dde32337a3f8345dc1a0aaeb70c0e6f908427fa4f8,Domain_2ab01a35c6af59c90d2e3d5f11a3eb0c3d09d380444e0b62d93547f517d44227,r_subdomain,0
Domain_fabd743bf99b5dbd61eb88dde32337a3f8345dc1a0aaeb70c0e6f908427fa4f8,Domain_0392ea8c0af96d9b124f4c24ee394b3fc66cfa6d9ca33f2a61a915ee88538900,r_subdomain,0
Domain_fabd743bf99b5dbd61eb88dde32337a3f8345dc1a0aaeb70c0e6f908427fa4f8,Domain_1e432d2d6d69055893cba8c19a78e2b5e46d5553a77ecedd12dd7ed831f1252b,r_subdomain,0
Domain_fabd743bf99b5dbd61eb88dde32337a3f8345dc1a0aaeb70c0e6f908427fa4f8,Domain_0dd366e2fe182d244ca2f59a28eb572475c748e407cb21c0ff0a021e4087e667,r_subdomain,0
Domain_fabd743bf99b5dbd61eb88dde32337a3f8345dc1a0aaeb70c0e6f908427fa4f8,Domain_cba443e2a6a8fda52a8b582cb473e9ad1bf6508f6bde26a89f9500d6799c4432,r_subdomain,0
Domain_fabd743bf99b5dbd61eb88dde32337a3f8345dc1a0aaeb70c0e6f908427fa4f8,Domain_957e44582bdcc1298803453ade202e3b3fd28092294a49851bf912f469d8b572,r_subdomain,0
Domain_fabd743bf99b5dbd61eb88dde32337a3f8345dc1a0aaeb70c0e6f908427fa4f8,Domain_8a055e040aafb9dbb876864db78f22cb283faf03ff49fec813a370b138af785f,r_subdomain,0
Domain_fabd743bf99b5dbd61eb88dde32337a3f8345dc1a0aaeb70c0e6f908427fa4f8,Domain_df141ca932821bc4f4c79de769ecf9d19e378aa0819a323f2409cff6960a874c,r_subdomain,0
Domain_fabd743bf99b5dbd61eb88dde32337a3f8345dc1a0aaeb70c0e6f908427fa4f8,Domain_de2d97561cd3f739e476118e77728fa2b3bdbabacc67a3ac6398af4898fcd457,r_subdomain,0
Domain_fabd743bf99b5dbd61eb88dde32337a3f8345dc1a0aaeb70c0e6f908427fa4f8,Domain_9d397c33181b71e000ba34acaa58dca17261fc6552357dfeafbbea80eedbf226,r_subdomain,0
Domain_fabd743bf99b5dbd61eb88dde32337a3f8345dc1a0aaeb70c0e6f908427fa4f8,Domain_b9d3056c53afbada110a8ada8da19a8069e2347d25fae812715083165d08f240,r_subdomain,0
Domain_fabd743bf99b5dbd61eb88dde32337a3f8345dc1a0aaeb70c0e6f908427fa4f8,Domain_cb4c6db149dcd2a0122db5e25734661a46868c390904ba5667ef2ef9ae121320,r_subdomain,0
Domain_fabd743bf99b5dbd61eb88dde32337a3f8345dc1a0aaeb70c0e6f908427fa4f8,Domain_8d81539d8f507f8f1530eefec82ab496dcfcc1a2826e182d63857256ad7a2e50,r_subdomain,0
Domain_fabd743bf99b5dbd61eb88dde32337a3f8345dc1a0aaeb70c0e6f908427fa4f8,Domain_4411547cab0c024aad22461ace14e5c818b6a7c1d2d14edc16f7fe66d2bcca3b,r_subdomain,0
Domain_fabd743bf99b5dbd61eb88dde32337a3f8345dc1a0aaeb70c0e6f908427fa4f8,Domain_00eef1a4349756ba63a02b6f9fae797765e1e785cf8c41a0ac185f47d559d2bd,r_subdomain,0
Domain_fabd743bf99b5dbd61eb88dde32337a3f8345dc1a0aaeb70c0e6f908427fa4f8,Domain_b4e5bf501bb63932f942c8b0ba83e16b70bc8dadbb0a4aa7440e3693b4b5e01c,r_subdomain,0
Domain_fabd743bf99b5dbd61eb88dde32337a3f8345dc1a0aaeb70c0e6f908427fa4f8,Domain_c14218744c1f19faa6da7cbb9bc9033306aadb25571b5d16b38668d310ccd567,r_subdomain,0
Domain_fabd743bf99b5dbd61eb88dde32337a3f8345dc1a0aaeb70c0e6f908427fa4f8,Domain_b9425336cc50e6402dfa73dd5885a31f44e9fe661e3eb1bdf97f525e959955bf,r_subdomain,0
Domain_fabd743bf99b5dbd61eb88dde32337a3f8345dc1a0aaeb70c0e6f908427fa4f8,Domain_2560e4971f3b6e1963ea9cb426ab2e0dda7dc026d8f9bb495fe25a918ca57d4c,r_subdomain,0
Domain_fabd743bf99b5dbd61eb88dde32337a3f8345dc1a0aaeb70c0e6f908427fa4f8,Domain_21c7d66dfec938dc9e5e46ba534fcdeb21f8905af412f9aaa97e44addb9473ba,r_subdomain,0
Domain_fabd743bf99b5dbd61eb88dde32337a3f8345dc1a0aaeb70c0e6f908427fa4f8,Domain_c72e20e5b914fbdd13efd782be566e57266c13ee98fa2af1654d33225a5897f9,r_subdomain,0
Domain_fabd743bf99b5dbd61eb88dde32337a3f8345dc1a0aaeb70c0e6f908427fa4f8,Domain_4cba23c49f86bc67647f738e8350873e36c0716e7ff8f2b7392ba44617535be7,r_subdomain,0
Domain_fabd743bf99b5dbd61eb88dde32337a3f8345dc1a0aaeb70c0e6f908427fa4f8,Domain_f6f63ba67ab70599b8f123e9b444c008aa0116b07d6ce799a0c1252c48f07395,r_subdomain,0
Domain_fabd743bf99b5dbd61eb88dde32337a3f8345dc1a0aaeb70c0e6f908427fa4f8,Domain_341d75dbf065b874132e5247e995c3d23ddbe895dea598d4e5c0122e90d77f82,r_subdomain,0
Domain_fabd743bf99b5dbd61eb88dde32337a3f8345dc1a0aaeb70c0e6f908427fa4f8,Whois_Name_d519c32dfbc7ae45be70384ee5ca6744a8696b7548eaf393ca1ce5e6a96d0144,r_whois_name,1
Domain_fabd743bf99b5dbd61eb88dde32337a3f8345dc1a0aaeb70c0e6f908427fa4f8,Domain_5bbc2b66d7aaf9fb535e62558d657c71c97d870d81c2f2d19cc838daddef9015,r_subdomain,0
Domain_fabd743bf99b5dbd61eb88dde32337a3f8345dc1a0aaeb70c0e6f908427fa4f8,Domain_4735ac487a21e0d5f600947d1cd03a9c4fb88ede9a0e76102f9fe149ef3a8d62,r_subdomain,0
Domain_fabd743bf99b5dbd61eb88dde32337a3f8345dc1a0aaeb70c0e6f908427fa4f8,Domain_82986ebde82550d15b2fbf70983c26a29f0644b0646e0c0c0a1d0c2d14d315a7,r_subdomain,0
Domain_fabd743bf99b5dbd61eb88dde32337a3f8345dc1a0aaeb70c0e6f908427fa4f8,Domain_6bec0e5e63be4d12dc94d075d659cd2310fdcdc9a0687297c233bbe5336226c5,r_subdomain,0
Domain_fabd743bf99b5dbd61eb88dde32337a3f8345dc1a0aaeb70c0e6f908427fa4f8,Domain_5472d80291d84f4b7851b3a695539d5c359c45e3edb48c39985563260c4242f4,r_subdomain,0
Domain_fabd743bf99b5dbd61eb88dde32337a3f8345dc1a0aaeb70c0e6f908427fa4f8,Domain_327fa568ddefbff192e513f8ae9a2591b7b6104511e96441f81769658a45499d,r_subdomain,0
Domain_fabd743bf99b5dbd61eb88dde32337a3f8345dc1a0aaeb70c0e6f908427fa4f8,Domain_fc1ad35999218d1a41b62449f1e0c31129061875859f07b25f11951a8bd81625,r_subdomain,0
Domain_fabd743bf99b5dbd61eb88dde32337a3f8345dc1a0aaeb70c0e6f908427fa4f8,Domain_f1baeeb8766eaef56fc45933c7d1df9521c74d4ef0d90561d0343511bf950b47,r_subdomain,0
Domain_fabd743bf99b5dbd61eb88dde32337a3f8345dc1a0aaeb70c0e6f908427fa4f8,Domain_1fd05a8e2647e5776c20e3c3362e440b776dc6bbbe69f9bd6913430e3abd3805,r_subdomain,0
Domain_fabd743bf99b5dbd61eb88dde32337a3f8345dc1a0aaeb70c0e6f908427fa4f8,Domain_5289f0df99ad044a72faf016d4e0ca05884d826282177864d362098310eef328,r_subdomain,0
Domain_fabd743bf99b5dbd61eb88dde32337a3f8345dc1a0aaeb70c0e6f908427fa4f8,Domain_f172f069283f512092b8a7063df4cabc49f6c36a3c5b028a8c151113d671aaf8,r_subdomain,0
Domain_fabd743bf99b5dbd61eb88dde32337a3f8345dc1a0aaeb70c0e6f908427fa4f8,Domain_34d845609683cc4c719a80ef63a3ed8400305d69d2910bb0b4130e305184140a,r_subdomain,0
Domain_fabd743bf99b5dbd61eb88dde32337a3f8345dc1a0aaeb70c0e6f908427fa4f8,Domain_8e5422eb69b68475179e6522811918169b58bcee81ce02de71f8f328d6286e68,r_subdomain,0
Domain_fabd743bf99b5dbd61eb88dde32337a3f8345dc1a0aaeb70c0e6f908427fa4f8,Domain_bfa23ad9b965964f30587f437daaa7544721ec8da84882cc0e9a31990f9d812c,r_subdomain,0
Domain_fabd743bf99b5dbd61eb88dde32337a3f8345dc1a0aaeb70c0e6f908427fa4f8,Domain_29996fb8c8f8d90fe803f58204c6de527621b1a1d225f17427cbf29988913b56,r_subdomain,0
Domain_fabd743bf99b5dbd61eb88dde32337a3f8345dc1a0aaeb70c0e6f908427fa4f8,Domain_ec91c77452a344ac623d5aba6eb26ea0c7552b1aefa2940dad9c4ca2e7dbe462,r_subdomain,0
Domain_fabd743bf99b5dbd61eb88dde32337a3f8345dc1a0aaeb70c0e6f908427fa4f8,Domain_c7025346adb95f93b1d1d154809258740ebd874cca3f8b4caff67034fe16af7c,r_subdomain,0
Domain_fabd743bf99b5dbd61eb88dde32337a3f8345dc1a0aaeb70c0e6f908427fa4f8,Domain_1627be81e5971f908250e8cf8953beca866f25a998fe94c9fc481b85bcba5f20,r_subdomain,0
Domain_fabd743bf99b5dbd61eb88dde32337a3f8345dc1a0aaeb70c0e6f908427fa4f8,Domain_aa5f84086e6524f3ba534bd590a3037792bc36bd689381f2d9119db37b490d4d,r_subdomain,0
Domain_fabd743bf99b5dbd61eb88dde32337a3f8345dc1a0aaeb70c0e6f908427fa4f8,Domain_f6bb00d9290f4a5dc5073f4bfd4f6011a6554b3980ca5b35a927d4946e82d2bb,r_subdomain,0
Domain_fabd743bf99b5dbd61eb88dde32337a3f8345dc1a0aaeb70c0e6f908427fa4f8,Domain_b6053c41e8c76b41cbe2d0990f0b8b351d564e0896c1d80137a45c24474e5dc8,r_subdomain,0
Domain_fabd743bf99b5dbd61eb88dde32337a3f8345dc1a0aaeb70c0e6f908427fa4f8,Domain_083487ddd4b878fba6b8009e5e8235e8191167a5333e666034ad94c07521f2c0,r_subdomain,0
Domain_fabd743bf99b5dbd61eb88dde32337a3f8345dc1a0aaeb70c0e6f908427fa4f8,Domain_8132f9866c58dc5a7431af7e9dd2fb1bb5c824c0884c3c2cdb38276a6b08cfaf,r_subdomain,0
Domain_fabd743bf99b5dbd61eb88dde32337a3f8345dc1a0aaeb70c0e6f908427fa4f8,Domain_8a86634fdc0f8182fb90a36472135b3019482b91eb9a789e066556c79974e023,r_subdomain,0
Domain_fabd743bf99b5dbd61eb88dde32337a3f8345dc1a0aaeb70c0e6f908427fa4f8,Domain_4e63c10c199110d3795bc6ee6d9ae58c1b4bc7adae7e800504d6df254f710faf,r_subdomain,0
Domain_fabd743bf99b5dbd61eb88dde32337a3f8345dc1a0aaeb70c0e6f908427fa4f8,Domain_e44c069ec46227ee369cd6b533c7344ae5c4bfe38262404945f024c355b6556a,r_subdomain,0
Domain_fabd743bf99b5dbd61eb88dde32337a3f8345dc1a0aaeb70c0e6f908427fa4f8,Domain_95d435c5ab92f3abef17ecac1fc4554acf95fe345c3dcd723ba0bb3739cde9fd,r_subdomain,0
Domain_fabd743bf99b5dbd61eb88dde32337a3f8345dc1a0aaeb70c0e6f908427fa4f8,Domain_b924b57f4f972456b9c85d26c6f388d9e7cbe4500cd736c4ee6e3ab8a3379b40,r_subdomain,0
Domain_fabd743bf99b5dbd61eb88dde32337a3f8345dc1a0aaeb70c0e6f908427fa4f8,Domain_881d160026c2d45276c413ba8d00486d5c85b7bba5ad49b86821d7975570f5e9,r_subdomain,0
Domain_fabd743bf99b5dbd61eb88dde32337a3f8345dc1a0aaeb70c0e6f908427fa4f8,Domain_60ab7c61e65a4d81e56f1fd4a84cfd088adf3439bb17585cee09e31138483038,r_subdomain,0
Domain_fabd743bf99b5dbd61eb88dde32337a3f8345dc1a0aaeb70c0e6f908427fa4f8,Domain_97fca51e7494b777ed240f0c14f0d432f7db0599b826e40aa92104160ed951af,r_subdomain,0
Domain_fabd743bf99b5dbd61eb88dde32337a3f8345dc1a0aaeb70c0e6f908427fa4f8,Domain_4fea495e7de4027019080c627abd9f96cfc53f991b5dbc686450bcdf343e2347,r_subdomain,0
Domain_fabd743bf99b5dbd61eb88dde32337a3f8345dc1a0aaeb70c0e6f908427fa4f8,Domain_27f11fb9d0ae3a5689b7e0c231e0941f456c518924ca72744f86575cb298c887,r_subdomain,0
Domain_fabd743bf99b5dbd61eb88dde32337a3f8345dc1a0aaeb70c0e6f908427fa4f8,Domain_47352fe6fed49e6418d100f3eb6a68dbc08e463f7088a3857e9c37099923bead,r_subdomain,0
Domain_f20cd763012c81745acfd0f00527f2a688cadd29b8ad1bedae453de3f99c3369,IP_6a3acd21708c147319a900615bd420e791cd5f466315f9bdbc8e702cc0c6d4fa,r_dns_a,0
Domain_f20cd763012c81745acfd0f00527f2a688cadd29b8ad1bedae453de3f99c3369,Domain_b748bf8bd2024702aea05f5c4c59afddfd8648539d2d5e2945a7f9e00bd349f5,r_subdomain,0
Domain_f20cd763012c81745acfd0f00527f2a688cadd29b8ad1bedae453de3f99c3369,Domain_e7f8bf2465fc0c0afe183cb5eeec77a99748b61ec7a419f0492f9d17e5b8aaa0,r_subdomain,0
Domain_f20cd763012c81745acfd0f00527f2a688cadd29b8ad1bedae453de3f99c3369,Domain_4ff6b5b9341558461fff9af807e8a2a093ef45d65946c2262cf8d7ebda7a4965,r_subdomain,0
Domain_f20cd763012c81745acfd0f00527f2a688cadd29b8ad1bedae453de3f99c3369,Domain_ea7f28bb76d2f8bcc3688ef6c0fba581343634b2d87a3d652c858e37424b3841,r_subdomain,0
Domain_f20cd763012c81745acfd0f00527f2a688cadd29b8ad1bedae453de3f99c3369,Domain_1f9008faee40885edba46c6e640fa502625c5da699b5a42eaf59717316b452e9,r_subdomain,0
Domain_f20cd763012c81745acfd0f00527f2a688cadd29b8ad1bedae453de3f99c3369,Domain_7ddd16552e2b96e7c73b4884044b854a9193f9da01c1dc3b3fb6f3f86447166d,r_subdomain,0
Domain_f20cd763012c81745acfd0f00527f2a688cadd29b8ad1bedae453de3f99c3369,Domain_ff7a45a476b0a82470e542864ba53fb045bdd82b103f049a17de21357d992745,r_subdomain,0
Domain_f20cd763012c81745acfd0f00527f2a688cadd29b8ad1bedae453de3f99c3369,Domain_1b691a9dc21aec0f14c5a3722f0749508396e575e679b4a44571fb9d00c6045a,r_subdomain,0
Domain_f20cd763012c81745acfd0f00527f2a688cadd29b8ad1bedae453de3f99c3369,Domain_6270c7fc5eb9e7511a0a3087f679b9967a60c9e4f64dfcd868bcbdd1c3c96bdb,r_subdomain,0
Domain_f20cd763012c81745acfd0f00527f2a688cadd29b8ad1bedae453de3f99c3369,Domain_66f0a4a3c9a36571a8ef36c32c3d17107f277f3c2a29b181ce8717fd02d5dc8f,r_subdomain,0
Domain_f20cd763012c81745acfd0f00527f2a688cadd29b8ad1bedae453de3f99c3369,Domain_646e37e1be50541b6b78009dd9a995856876159445c61832c49eb1993261d53a,r_subdomain,0
Domain_f20cd763012c81745acfd0f00527f2a688cadd29b8ad1bedae453de3f99c3369,Domain_f8124601a532c90f2ad6ef346b63f86e536c303ade1da1f25a96a384951065ad,r_subdomain,0
Domain_f20cd763012c81745acfd0f00527f2a688cadd29b8ad1bedae453de3f99c3369,Domain_bf4d3096b1e42f599746b036cae633d56f310763e959ce38f0beb7856435dbcc,r_subdomain,0
Domain_f20cd763012c81745acfd0f00527f2a688cadd29b8ad1bedae453de3f99c3369,Domain_6d224b87bc1de75b05436cd85c4ba8b7fb62ac1073bf4a6d3f28744bfbeed352,r_subdomain,0
Domain_f20cd763012c81745acfd0f00527f2a688cadd29b8ad1bedae453de3f99c3369,Domain_de4fefcef5c68c999942b619555db923615233462d9b0f6a740533e6ccd08700,r_subdomain,0
Domain_f20cd763012c81745acfd0f00527f2a688cadd29b8ad1bedae453de3f99c3369,Whois_Name_d519c32dfbc7ae45be70384ee5ca6744a8696b7548eaf393ca1ce5e6a96d0144,r_whois_name,0
Domain_f20cd763012c81745acfd0f00527f2a688cadd29b8ad1bedae453de3f99c3369,Domain_fe5a8c3b20686c745f8b326f0684f4f7789427b052531f85551b307bcab0f1ff,r_subdomain,0
Domain_f20cd763012c81745acfd0f00527f2a688cadd29b8ad1bedae453de3f99c3369,Domain_29b6e025c65e4337dadf023098e49bfeca5abfa15b34689f741fdf732c5f8bc7,r_subdomain,0
Domain_f20cd763012c81745acfd0f00527f2a688cadd29b8ad1bedae453de3f99c3369,Domain_dfa4895f40e11733bff0db44d9602673c2ee259a8af5c288cfa51da89ca62353,r_subdomain,0
Domain_f20cd763012c81745acfd0f00527f2a688cadd29b8ad1bedae453de3f99c3369,Domain_f8b49d9956044ce5a8877fc232829fe558f3418248ca62fae26c8e9b17e75ecb,r_subdomain,0
Domain_f20cd763012c81745acfd0f00527f2a688cadd29b8ad1bedae453de3f99c3369,Domain_072c853d01dd91a2edf66390718cd27f1ba6a5b391ab1414c059958f10ade484,r_subdomain,0
Domain_f20cd763012c81745acfd0f00527f2a688cadd29b8ad1bedae453de3f99c3369,Domain_ed0ff47442c70042bccd818ccc307e72ad06a2d760f5004edc211a1eb7f482fc,r_subdomain,0
Domain_f20cd763012c81745acfd0f00527f2a688cadd29b8ad1bedae453de3f99c3369,Domain_41cf0ee936ffcea26e67e1f74da18f6b1364dd6c406fe1aaa1291ce92ba935e2,r_subdomain,0
Domain_f20cd763012c81745acfd0f00527f2a688cadd29b8ad1bedae453de3f99c3369,Domain_7bd56633a4cd7c0d74663d67e7981dea1647fb97d7e0253ea898623eed7e1488,r_subdomain,0
Domain_f20cd763012c81745acfd0f00527f2a688cadd29b8ad1bedae453de3f99c3369,Domain_5eac2208ea2f7c4dc5b63434ad7f15376d6763a0693049ab0d56b50ed85fa4a5,r_subdomain,0
Domain_f20cd763012c81745acfd0f00527f2a688cadd29b8ad1bedae453de3f99c3369,Domain_4b5c35b0d70fd4fb01ece473c12f398a7e63760b15ca9772c8819e9817da01c2,r_subdomain,0
Domain_f20cd763012c81745acfd0f00527f2a688cadd29b8ad1bedae453de3f99c3369,Domain_8422f79b740ef2e8674836d9fd1951d74139054981f104275f0162edda5e4986,r_subdomain,0
Domain_f20cd763012c81745acfd0f00527f2a688cadd29b8ad1bedae453de3f99c3369,Domain_fca8c46cd7858dd2f399a32d804e52f3944207f0c12bfcb0e1c1ee53828fac9e,r_subdomain,0
Domain_f20cd763012c81745acfd0f00527f2a688cadd29b8ad1bedae453de3f99c3369,Domain_5f7b4fbd84c89273c367a82afa8165b6f771815efeaf229f2ba44638ba72c72e,r_subdomain,0
Domain_f20cd763012c81745acfd0f00527f2a688cadd29b8ad1bedae453de3f99c3369,Domain_4c993bdceddb38bf889561e07e4171236b22ceca7935e009702da389c820a08b,r_subdomain,0
Domain_f20cd763012c81745acfd0f00527f2a688cadd29b8ad1bedae453de3f99c3369,Domain_8dffb8d1c30a289fb6d2734a2bb1a9959b81fb9cab5ca23fcf590f5240b35b3c,r_subdomain,0
Domain_f20cd763012c81745acfd0f00527f2a688cadd29b8ad1bedae453de3f99c3369,Domain_295d885757013425054a85c42cdd2eeceae676bb6eb3ffadff76f8a50aeeaf3e,r_subdomain,0
Domain_f20cd763012c81745acfd0f00527f2a688cadd29b8ad1bedae453de3f99c3369,Domain_bd55b0d05ec549ff5821519270d253aee8f7f8bae90c4fed99353a10e4f3e094,r_subdomain,0
Domain_f20cd763012c81745acfd0f00527f2a688cadd29b8ad1bedae453de3f99c3369,Domain_126cc41297ce8d2b4d86e6160e9e3bffa8d802b8bedbbe7a36dbf6699c83144d,r_subdomain,0
Domain_f20cd763012c81745acfd0f00527f2a688cadd29b8ad1bedae453de3f99c3369,Domain_1bf984b3d234be171d9467ae4ca8a1dc3538d4571f6ac30abefbea6fd41eec65,r_subdomain,0
Domain_2848e068c37d82052dc9f27dfda22204500f5e171a7ac2012a39716b1c537dc2,IP_6a3acd21708c147319a900615bd420e791cd5f466315f9bdbc8e702cc0c6d4fa,r_dns_a,0
Domain_2848e068c37d82052dc9f27dfda22204500f5e171a7ac2012a39716b1c537dc2,Domain_925874c08e5a5a1ba7a92d7ef4a9fd5f49b88ba6eabd983e83f113883bb863ce,r_subdomain,0
Domain_2848e068c37d82052dc9f27dfda22204500f5e171a7ac2012a39716b1c537dc2,IP_3b8d4089161d3b4c56c21250567ae78a3d32bae4923361275717e85c32f26d47,r_dns_a,0
Domain_1ba8be3b50cdc0b726234a6defffbeab16a036049c37f0587e12ff9a1139171e,IP_6a3acd21708c147319a900615bd420e791cd5f466315f9bdbc8e702cc0c6d4fa,r_dns_a,0
Domain_0f1e4897f773b88169036b9da81fee6376c2c7c98e7e0580a57502c5198849a0,Whois_Name_d519c32dfbc7ae45be70384ee5ca6744a8696b7548eaf393ca1ce5e6a96d0144,r_whois_name,0
Domain_c44a5d35b2ce6e7fd204f5060cb3b917cfea4c368014deeab34d1674dbf62280,IP_6a3acd21708c147319a900615bd420e791cd5f466315f9bdbc8e702cc0c6d4fa,r_dns_a,0
Domain_7ca20d510bda1738fc5dd743485b4a6ebfa0cf2fcbee4762bce5ac51a433a6ea,Whois_Name_d519c32dfbc7ae45be70384ee5ca6744a8696b7548eaf393ca1ce5e6a96d0144,r_whois_name,0
Domain_5461226af34abb991dafba1917497e7f1580c47eca893c607a5a184e4631d835,IP_6a3acd21708c147319a900615bd420e791cd5f466315f9bdbc8e702cc0c6d4fa,r_dns_a,0
Domain_b748bf8bd2024702aea05f5c4c59afddfd8648539d2d5e2945a7f9e00bd349f5,IP_6a3acd21708c147319a900615bd420e791cd5f466315f9bdbc8e702cc0c6d4fa,r_dns_a,0
Domain_7baf94ea92ede9d5defc3fe1d6958a7fac1bce8aa8ad2ee683fafd3f447ae45d,IP_6a3acd21708c147319a900615bd420e791cd5f466315f9bdbc8e702cc0c6d4fa,r_dns_a,0
Domain_45ae3d616d3e64121c62e0eb0e3fe6e689f05ab85d90f760aca2dacb6e030535,IP_6a3acd21708c147319a900615bd420e791cd5f466315f9bdbc8e702cc0c6d4fa,r_dns_a,0
Domain_bd223e6542c697aae5883e4b430911a4fedee3b117409ecfdbec332a41fac842,IP_6a3acd21708c147319a900615bd420e791cd5f466315f9bdbc8e702cc0c6d4fa,r_dns_a,0
Domain_0645913b1ef98ec230ca13fdc07dbab4b6a794d90b4a6e00fd846f620a95fe3f,IP_6a3acd21708c147319a900615bd420e791cd5f466315f9bdbc8e702cc0c6d4fa,r_dns_a,0
Domain_a35bd966574b0822d70b558e1d3e41534280fd0ec26351928572ccf18c9abc29,IP_6a3acd21708c147319a900615bd420e791cd5f466315f9bdbc8e702cc0c6d4fa,r_dns_a,0
Domain_ccc183d77cfa9c4e146866b3f5f2fdacdb358ca39ecef1641291dc2003de463a,IP_6a3acd21708c147319a900615bd420e791cd5f466315f9bdbc8e702cc0c6d4fa,r_dns_a,0
Domain_681299dfaafb8107274c1ab2ba04b29a52e28d3971a7bfadbb83914d02c8a5c0,IP_6a3acd21708c147319a900615bd420e791cd5f466315f9bdbc8e702cc0c6d4fa,r_dns_a,0
Domain_7e9aeebf318924b3fc56e474df6797e0aaf2777642ed51071c1a26b9cac768fb,IP_6a3acd21708c147319a900615bd420e791cd5f466315f9bdbc8e702cc0c6d4fa,r_dns_a,0
Domain_a8f5f8b5399d4c769ae6e0b421b86b9ce1ecc19233999b2b4a5e896844023843,Whois_Name_d519c32dfbc7ae45be70384ee5ca6744a8696b7548eaf393ca1ce5e6a96d0144,r_whois_name,0
Domain_c06b6aedd85d432ee70c02661311aee933a0f0104b585e194cc6a0f7151e6c77,IP_6a3acd21708c147319a900615bd420e791cd5f466315f9bdbc8e702cc0c6d4fa,r_dns_a,0
Domain_b6a87c0a4678ea397cb8a2ad6675893a7eebdfafc4df960f0a5a6f822be90cb1,IP_6a3acd21708c147319a900615bd420e791cd5f466315f9bdbc8e702cc0c6d4fa,r_dns_a,0
Domain_bf00380db81ecaa7b3375b1425c94c234eb6ed84a7a1fba3bad1469aacb36634,IP_6a3acd21708c147319a900615bd420e791cd5f466315f9bdbc8e702cc0c6d4fa,r_dns_a,0
Domain_df8b5be9f6fd28b57b04f1cb139648328e3d10d429ccee17d877d9515ae2d15e,IP_6a3acd21708c147319a900615bd420e791cd5f466315f9bdbc8e702cc0c6d4fa,r_dns_a,0
Domain_bba91828f3731ebf7bf4e2cd1548f6ff379b8f1b80b95dc5e8123b726bea54cc,IP_6a3acd21708c147319a900615bd420e791cd5f466315f9bdbc8e702cc0c6d4fa,r_dns_a,0
Domain_bc8370ff15f41f24a41741a3c517fc94d91956d66466b7bfcfe7d4dec90a99e5,Whois_Name_d519c32dfbc7ae45be70384ee5ca6744a8696b7548eaf393ca1ce5e6a96d0144,r_whois_name,0
Domain_aa3a3be351ba423511fcfc16ec5a5f86d8ecb2f006c11549c7a177b76b4c8a7d,IP_6a3acd21708c147319a900615bd420e791cd5f466315f9bdbc8e702cc0c6d4fa,r_dns_a,0
Domain_c2ad90320d216918e35cbe25b0450adbe2c9fed3a16fea9c7c475af8777a86a0,IP_6a3acd21708c147319a900615bd420e791cd5f466315f9bdbc8e702cc0c6d4fa,r_dns_a,0
Domain_b5469987c21bd49f2ec326308d217e7ac1258067f712543af4ef86202089787b,IP_6a3acd21708c147319a900615bd420e791cd5f466315f9bdbc8e702cc0c6d4fa,r_dns_a,0
Domain_f5475f78aa5dc47ad07a92cf2b298ff6239e1e3a0dc92360ae5e9f7b0032bc53,IP_6a3acd21708c147319a900615bd420e791cd5f466315f9bdbc8e702cc0c6d4fa,r_dns_a,0
Domain_a723331f8f9e1b7ced343fe3243ff3193144481c1a19a42d8c2018b4c6a5ee9b,IP_6a3acd21708c147319a900615bd420e791cd5f466315f9bdbc8e702cc0c6d4fa,r_dns_a,0
Domain_006a680f311cf72c9e1d0d91d68fdaa17ee30bd486737a45aaae1936f5e20611,IP_6a3acd21708c147319a900615bd420e791cd5f466315f9bdbc8e702cc0c6d4fa,r_dns_a,0
Domain_4bd40d41f48f360ff869345e13d6d4fc7257f84f6e95da0d8611007a66c7dbd0,IP_6a3acd21708c147319a900615bd420e791cd5f466315f9bdbc8e702cc0c6d4fa,r_dns_a,0
Domain_9fb82c53c7201ff7497246f3c12fee6ceccb1ad03971e845c8bf5193f9fc0381,IP_6a3acd21708c147319a900615bd420e791cd5f466315f9bdbc8e702cc0c6d4fa,r_dns_a,0
Domain_bfcc91b8d908c0a131712dc4302ade1f7847cb9cbd1ea4a3d868fa76460af0fd,IP_6a3acd21708c147319a900615bd420e791cd5f466315f9bdbc8e702cc0c6d4fa,r_dns_a,0
Domain_e7f8bf2465fc0c0afe183cb5eeec77a99748b61ec7a419f0492f9d17e5b8aaa0,IP_6a3acd21708c147319a900615bd420e791cd5f466315f9bdbc8e702cc0c6d4fa,r_dns_a,0
Domain_5381243ec507a9b6b7c3714e4cbf4d241195ab9be2a0ae21a06df603b8e2a15f,IP_6a3acd21708c147319a900615bd420e791cd5f466315f9bdbc8e702cc0c6d4fa,r_dns_a,0
Domain_34a601cb6c7642444635a76ab43e2b4192fc684ca96ad52a06a9bc8168442d40,Whois_Name_d519c32dfbc7ae45be70384ee5ca6744a8696b7548eaf393ca1ce5e6a96d0144,r_whois_name,0
Domain_310bb81971c2561f51a29a87ec9bdd9a45e3f5acbd27e25bbcdaf0346ca95c04,IP_6a3acd21708c147319a900615bd420e791cd5f466315f9bdbc8e702cc0c6d4fa,r_dns_a,0
Domain_1291ae02220849643f10425e41339860d85c0e8ba00a93ccc2783b3489f6a192,IP_6a3acd21708c147319a900615bd420e791cd5f466315f9bdbc8e702cc0c6d4fa,r_dns_a,0
Domain_b5662df81d14d91e7563daee6bdf6e031eaff560d1dc5e4816026b9fa066e9d8,Whois_Name_d519c32dfbc7ae45be70384ee5ca6744a8696b7548eaf393ca1ce5e6a96d0144,r_whois_name,0
Domain_ac8b5fc3019ee2a62405d8214275abcc11f35e77d3ac1ff7c8aabee6bdd342ef,IP_6a3acd21708c147319a900615bd420e791cd5f466315f9bdbc8e702cc0c6d4fa,r_dns_a,0
Domain_bceaf306a50f6af6abd9ae88951bd16429cd23ee0c94ec3978317d205cf2829c,IP_6a3acd21708c147319a900615bd420e791cd5f466315f9bdbc8e702cc0c6d4fa,r_dns_a,0
Domain_5fa895a34793ff9404804ddb7ed3b398faf3de95fe165dfee53c22072f9dcc8e,IP_6a3acd21708c147319a900615bd420e791cd5f466315f9bdbc8e702cc0c6d4fa,r_dns_a,0
Domain_e1c55e2bcf0d983d698b40ab4e33a7c34af7115110210727bf93aa8fae011cbf,Whois_Name_d519c32dfbc7ae45be70384ee5ca6744a8696b7548eaf393ca1ce5e6a96d0144,r_whois_name,0
Domain_4ff6b5b9341558461fff9af807e8a2a093ef45d65946c2262cf8d7ebda7a4965,IP_6a3acd21708c147319a900615bd420e791cd5f466315f9bdbc8e702cc0c6d4fa,r_dns_a,0
Domain_f2fe9d5614174730cae2c1e8c07750e71435d0d10dde15ab8c22060a54bfc8be,Whois_Name_d519c32dfbc7ae45be70384ee5ca6744a8696b7548eaf393ca1ce5e6a96d0144,r_whois_name,0
Domain_ea7f28bb76d2f8bcc3688ef6c0fba581343634b2d87a3d652c858e37424b3841,IP_6a3acd21708c147319a900615bd420e791cd5f466315f9bdbc8e702cc0c6d4fa,r_dns_a,0
Domain_2ab01a35c6af59c90d2e3d5f11a3eb0c3d09d380444e0b62d93547f517d44227,IP_6a3acd21708c147319a900615bd420e791cd5f466315f9bdbc8e702cc0c6d4fa,r_dns_a,0
Domain_0392ea8c0af96d9b124f4c24ee394b3fc66cfa6d9ca33f2a61a915ee88538900,IP_6a3acd21708c147319a900615bd420e791cd5f466315f9bdbc8e702cc0c6d4fa,r_dns_a,0
Domain_f0132aa78d9583da06091e0fc41201ff0a6f9629f2a00c486ae894fa86097b7e,IP_6a3acd21708c147319a900615bd420e791cd5f466315f9bdbc8e702cc0c6d4fa,r_dns_a,0
Domain_91273c8b3c1ce77770c6ef30c732b113bf3deae1a9f7d9cfa98b487cdb571142,IP_6a3acd21708c147319a900615bd420e791cd5f466315f9bdbc8e702cc0c6d4fa,r_dns_a,0
Domain_74dcc3c2a5f3c3f91eeaeef88e75308e68ca47f511ad5c21eb2cfe0c4a289abe,IP_6a3acd21708c147319a900615bd420e791cd5f466315f9bdbc8e702cc0c6d4fa,r_dns_a,0
Domain_1f9008faee40885edba46c6e640fa502625c5da699b5a42eaf59717316b452e9,IP_6a3acd21708c147319a900615bd420e791cd5f466315f9bdbc8e702cc0c6d4fa,r_dns_a,0
Domain_1e432d2d6d69055893cba8c19a78e2b5e46d5553a77ecedd12dd7ed831f1252b,IP_6a3acd21708c147319a900615bd420e791cd5f466315f9bdbc8e702cc0c6d4fa,r_dns_a,0
Domain_3457f6ddd07ff2fafa16e4889b2fb94d212d090fed106945d1a6e67bbefcf1c6,IP_6a3acd21708c147319a900615bd420e791cd5f466315f9bdbc8e702cc0c6d4fa,r_dns_a,0
Domain_a6e8b95a1a7ca83e67fbbde7cb087bde99a6aad36027bb74e5c3053dbf473c13,Whois_Name_d519c32dfbc7ae45be70384ee5ca6744a8696b7548eaf393ca1ce5e6a96d0144,r_whois_name,0
Domain_0dd366e2fe182d244ca2f59a28eb572475c748e407cb21c0ff0a021e4087e667,IP_6a3acd21708c147319a900615bd420e791cd5f466315f9bdbc8e702cc0c6d4fa,r_dns_a,0
Domain_cba443e2a6a8fda52a8b582cb473e9ad1bf6508f6bde26a89f9500d6799c4432,IP_6a3acd21708c147319a900615bd420e791cd5f466315f9bdbc8e702cc0c6d4fa,r_dns_a,0
Domain_5d6ea0e9660091fde480064ebcaa0706ff7e2432a6012da14fa95d81b44b0f5a,Whois_Name_d519c32dfbc7ae45be70384ee5ca6744a8696b7548eaf393ca1ce5e6a96d0144,r_whois_name,0
Domain_ef2133562bbe0572090c39e72d57b06e958ba90caa09cfd299930b161acf6507,IP_6a3acd21708c147319a900615bd420e791cd5f466315f9bdbc8e702cc0c6d4fa,r_dns_a,0
Domain_2fe9757a54b983b43c5af82ce6e4c01798007085e9518a2181bda0a409ac9114,IP_6a3acd21708c147319a900615bd420e791cd5f466315f9bdbc8e702cc0c6d4fa,r_dns_a,0
Domain_13e179588e48d40af59fb9adfe19c6c6f33598ec1f8cf59a0d1b6336470cb6a1,IP_6a3acd21708c147319a900615bd420e791cd5f466315f9bdbc8e702cc0c6d4fa,r_dns_a,0
Domain_957e44582bdcc1298803453ade202e3b3fd28092294a49851bf912f469d8b572,IP_6a3acd21708c147319a900615bd420e791cd5f466315f9bdbc8e702cc0c6d4fa,r_dns_a,0
Domain_be31c8c40e58b5d5385c713ac2e9e1fbe4cb460c073a4c080c25386abcc24291,IP_6a3acd21708c147319a900615bd420e791cd5f466315f9bdbc8e702cc0c6d4fa,r_dns_a,0
Domain_888aa1adf1e60e076cbd78bc18c580157d6a77ae3c38502d91e567e390c55e71,Whois_Name_d519c32dfbc7ae45be70384ee5ca6744a8696b7548eaf393ca1ce5e6a96d0144,r_whois_name,0
Domain_8a055e040aafb9dbb876864db78f22cb283faf03ff49fec813a370b138af785f,IP_6a3acd21708c147319a900615bd420e791cd5f466315f9bdbc8e702cc0c6d4fa,r_dns_a,0
Domain_f0ec60605f5e46f2a6dad8947284cc32a4b6895c15aa1cd2c0aff1b4d33af044,IP_6a3acd21708c147319a900615bd420e791cd5f466315f9bdbc8e702cc0c6d4fa,r_dns_a,0
Domain_df141ca932821bc4f4c79de769ecf9d19e378aa0819a323f2409cff6960a874c,IP_6a3acd21708c147319a900615bd420e791cd5f466315f9bdbc8e702cc0c6d4fa,r_dns_a,0
Domain_7ddd16552e2b96e7c73b4884044b854a9193f9da01c1dc3b3fb6f3f86447166d,IP_6a3acd21708c147319a900615bd420e791cd5f466315f9bdbc8e702cc0c6d4fa,r_dns_a,0
Domain_de2d97561cd3f739e476118e77728fa2b3bdbabacc67a3ac6398af4898fcd457,IP_6a3acd21708c147319a900615bd420e791cd5f466315f9bdbc8e702cc0c6d4fa,r_dns_a,0
Domain_e5c22424506c8b82804ec44a76cab7c580c5ace9335d83df21f9c7a50ad604e8,IP_6a3acd21708c147319a900615bd420e791cd5f466315f9bdbc8e702cc0c6d4fa,r_dns_a,0
Domain_9d397c33181b71e000ba34acaa58dca17261fc6552357dfeafbbea80eedbf226,IP_6a3acd21708c147319a900615bd420e791cd5f466315f9bdbc8e702cc0c6d4fa,r_dns_a,0
Domain_b9d3056c53afbada110a8ada8da19a8069e2347d25fae812715083165d08f240,IP_6a3acd21708c147319a900615bd420e791cd5f466315f9bdbc8e702cc0c6d4fa,r_dns_a,0
Domain_ff7a45a476b0a82470e542864ba53fb045bdd82b103f049a17de21357d992745,IP_6a3acd21708c147319a900615bd420e791cd5f466315f9bdbc8e702cc0c6d4fa,r_dns_a,0
Domain_1b691a9dc21aec0f14c5a3722f0749508396e575e679b4a44571fb9d00c6045a,IP_6a3acd21708c147319a900615bd420e791cd5f466315f9bdbc8e702cc0c6d4fa,r_dns_a,0
Domain_2ee50821e60bf30df4686c18c6c467911ded903cbe608fe393e7fe1c1607a1c1,Whois_Name_d519c32dfbc7ae45be70384ee5ca6744a8696b7548eaf393ca1ce5e6a96d0144,r_whois_name,0
Domain_b1908902a54290f024bc755fddfd37525f8bdcb45cbfc65916002af79da78060,IP_6a3acd21708c147319a900615bd420e791cd5f466315f9bdbc8e702cc0c6d4fa,r_dns_a,0
Domain_7d09b261ef65abcfe2a06e131b48b6b2d643d91250f65af3c355a9d43afa6df0,Whois_Name_d519c32dfbc7ae45be70384ee5ca6744a8696b7548eaf393ca1ce5e6a96d0144,r_whois_name,0
Domain_cb4c6db149dcd2a0122db5e25734661a46868c390904ba5667ef2ef9ae121320,IP_6a3acd21708c147319a900615bd420e791cd5f466315f9bdbc8e702cc0c6d4fa,r_dns_a,0
Domain_30e23de41226f24086cf05919d7b0a45129aa05ef0b45c0353060ace2118908e,Whois_Name_d519c32dfbc7ae45be70384ee5ca6744a8696b7548eaf393ca1ce5e6a96d0144,r_whois_name,0
Domain_6270c7fc5eb9e7511a0a3087f679b9967a60c9e4f64dfcd868bcbdd1c3c96bdb,IP_6a3acd21708c147319a900615bd420e791cd5f466315f9bdbc8e702cc0c6d4fa,r_dns_a,0
Domain_c1c999e72729d8ef64750d5f0dd55c2cfedb95e42db8185fdd1cb89c6f88e88e,Whois_Name_d519c32dfbc7ae45be70384ee5ca6744a8696b7548eaf393ca1ce5e6a96d0144,r_whois_name,0
Domain_35648fc516367001cd6456816186fb1603400ab32f73cbbfe2ce4e020318f21e,IP_6a3acd21708c147319a900615bd420e791cd5f466315f9bdbc8e702cc0c6d4fa,r_dns_a,0
Domain_e7873aadc9f1f49d181c6f117ea18b2bfc9b7e874b212baa888bbf6cb15f5964,Whois_Name_d519c32dfbc7ae45be70384ee5ca6744a8696b7548eaf393ca1ce5e6a96d0144,r_whois_name,0
Domain_8d81539d8f507f8f1530eefec82ab496dcfcc1a2826e182d63857256ad7a2e50,IP_6a3acd21708c147319a900615bd420e791cd5f466315f9bdbc8e702cc0c6d4fa,r_dns_a,0
Domain_4411547cab0c024aad22461ace14e5c818b6a7c1d2d14edc16f7fe66d2bcca3b,IP_6a3acd21708c147319a900615bd420e791cd5f466315f9bdbc8e702cc0c6d4fa,r_dns_a,0
Domain_41135222b8698ce76a67fb40e1890d2017cd96d82a43160b82abdbb789182098,IP_6a3acd21708c147319a900615bd420e791cd5f466315f9bdbc8e702cc0c6d4fa,r_dns_a,0
Domain_66f0a4a3c9a36571a8ef36c32c3d17107f277f3c2a29b181ce8717fd02d5dc8f,IP_6a3acd21708c147319a900615bd420e791cd5f466315f9bdbc8e702cc0c6d4fa,r_dns_a,0
Domain_50881c28bfda00432792475327c44ebdf7777b6f1947d9b039acb99602e4c010,IP_6a3acd21708c147319a900615bd420e791cd5f466315f9bdbc8e702cc0c6d4fa,r_dns_a,0
Domain_646e37e1be50541b6b78009dd9a995856876159445c61832c49eb1993261d53a,IP_6a3acd21708c147319a900615bd420e791cd5f466315f9bdbc8e702cc0c6d4fa,r_dns_a,0
Domain_f8124601a532c90f2ad6ef346b63f86e536c303ade1da1f25a96a384951065ad,IP_6a3acd21708c147319a900615bd420e791cd5f466315f9bdbc8e702cc0c6d4fa,r_dns_a,0
Domain_76d8deacdb6a8b7ce7b3a586f5988837fc543bef4dd83e9b8de054ff728bb65e,IP_6a3acd21708c147319a900615bd420e791cd5f466315f9bdbc8e702cc0c6d4fa,r_dns_a,0
Domain_05bb4bff3bcb0b7bf1216520d6a02abdb5fd4661b03a424a452f9a195bf593cf,Whois_Name_d519c32dfbc7ae45be70384ee5ca6744a8696b7548eaf393ca1ce5e6a96d0144,r_whois_name,0
Domain_00eef1a4349756ba63a02b6f9fae797765e1e785cf8c41a0ac185f47d559d2bd,IP_6a3acd21708c147319a900615bd420e791cd5f466315f9bdbc8e702cc0c6d4fa,r_dns_a,0
Domain_80f2a187e0113f611229744df64a1a038f4c7af6a67ee35f0f4c236a166cf598,Whois_Name_d519c32dfbc7ae45be70384ee5ca6744a8696b7548eaf393ca1ce5e6a96d0144,r_whois_name,0
Domain_bf4d3096b1e42f599746b036cae633d56f310763e959ce38f0beb7856435dbcc,IP_6a3acd21708c147319a900615bd420e791cd5f466315f9bdbc8e702cc0c6d4fa,r_dns_a,0
Domain_76fe95ac03136f0f7215d2280ce1906ac52c94bc2c9f969b3867ec7c0685efb7,IP_6a3acd21708c147319a900615bd420e791cd5f466315f9bdbc8e702cc0c6d4fa,r_dns_a,0
Domain_8b87a9a49de23d8ebb97386651e31ce6387e1cd79f495af6c5457a4a0ef42fb8,Whois_Name_d519c32dfbc7ae45be70384ee5ca6744a8696b7548eaf393ca1ce5e6a96d0144,r_whois_name,0
Domain_b4e5bf501bb63932f942c8b0ba83e16b70bc8dadbb0a4aa7440e3693b4b5e01c,IP_6a3acd21708c147319a900615bd420e791cd5f466315f9bdbc8e702cc0c6d4fa,r_dns_a,0
Domain_e9fc5a69588877e503dd972a52f9386dff648941bbb4b52b64eae15da77064b9,Whois_Name_d519c32dfbc7ae45be70384ee5ca6744a8696b7548eaf393ca1ce5e6a96d0144,r_whois_name,0
Domain_0362ab8fb781729515c3a7bd0454d0afee203ab3d4c1f90ccb9869ddb792534e,Whois_Name_d519c32dfbc7ae45be70384ee5ca6744a8696b7548eaf393ca1ce5e6a96d0144,r_whois_name,0
Domain_583d4f7f6b506a1fa87ec8e32adc13cce614330fdf99015bd70d72edd0186e39,IP_6a3acd21708c147319a900615bd420e791cd5f466315f9bdbc8e702cc0c6d4fa,r_dns_a,0
Domain_c14218744c1f19faa6da7cbb9bc9033306aadb25571b5d16b38668d310ccd567,IP_6a3acd21708c147319a900615bd420e791cd5f466315f9bdbc8e702cc0c6d4fa,r_dns_a,0
Domain_be24f06929622ae4048eb4617e528f0d696f6cb7e59739c10549f09c5ed5b888,IP_6a3acd21708c147319a900615bd420e791cd5f466315f9bdbc8e702cc0c6d4fa,r_dns_a,0
Domain_b9425336cc50e6402dfa73dd5885a31f44e9fe661e3eb1bdf97f525e959955bf,IP_6a3acd21708c147319a900615bd420e791cd5f466315f9bdbc8e702cc0c6d4fa,r_dns_a,0
Domain_2560e4971f3b6e1963ea9cb426ab2e0dda7dc026d8f9bb495fe25a918ca57d4c,IP_6a3acd21708c147319a900615bd420e791cd5f466315f9bdbc8e702cc0c6d4fa,r_dns_a,0
Domain_3605aeb0f6510dc90e5c85dad5901092e0316a03b61c3d3feb509e7a48444381,Whois_Name_d519c32dfbc7ae45be70384ee5ca6744a8696b7548eaf393ca1ce5e6a96d0144,r_whois_name,0
Domain_1c38ff712002534f07b3d52a77a1e53ffbc590e97bfcb598ed17019937b323aa,IP_6a3acd21708c147319a900615bd420e791cd5f466315f9bdbc8e702cc0c6d4fa,r_dns_a,0
Domain_3c451bb2d04aa39ece02e14800014a55fe75a87b0c35456dc6ab232db03bfed6,Whois_Name_d519c32dfbc7ae45be70384ee5ca6744a8696b7548eaf393ca1ce5e6a96d0144,r_whois_name,0
Domain_79bc2ec045629974749308b7f1acd7be39055762f7f52e6345a785a7146e8b27,IP_6a3acd21708c147319a900615bd420e791cd5f466315f9bdbc8e702cc0c6d4fa,r_dns_a,0
Domain_e96ae62222dd7e0a711774f4325c6322f5417b2b46f9e5e25dbf7411ad0656bf,Whois_Name_d519c32dfbc7ae45be70384ee5ca6744a8696b7548eaf393ca1ce5e6a96d0144,r_whois_name,0
Domain_21c7d66dfec938dc9e5e46ba534fcdeb21f8905af412f9aaa97e44addb9473ba,IP_6a3acd21708c147319a900615bd420e791cd5f466315f9bdbc8e702cc0c6d4fa,r_dns_a,0
Domain_c4693624962f6e6403bf5171f8b7b1a95269e0986fb6054902f12d3dc385390f,Whois_Name_d519c32dfbc7ae45be70384ee5ca6744a8696b7548eaf393ca1ce5e6a96d0144,r_whois_name,0
Domain_cdfd50f104e536b523a7193d0e2cebb0e0a992c2d58f10ff02b205e13fb49b51,Whois_Name_d519c32dfbc7ae45be70384ee5ca6744a8696b7548eaf393ca1ce5e6a96d0144,r_whois_name,0
Domain_c72e20e5b914fbdd13efd782be566e57266c13ee98fa2af1654d33225a5897f9,IP_6a3acd21708c147319a900615bd420e791cd5f466315f9bdbc8e702cc0c6d4fa,r_dns_a,0
Domain_8969afe4399daae0c771e9c0bcaf409d6d3688747b4f12f97cba362beebf219f,Whois_Name_d519c32dfbc7ae45be70384ee5ca6744a8696b7548eaf393ca1ce5e6a96d0144,r_whois_name,0
Domain_2318882b426b5b955760c35b8f909d126d3b6954c1316802faac3b72065b3321,IP_6a3acd21708c147319a900615bd420e791cd5f466315f9bdbc8e702cc0c6d4fa,r_dns_a,0
Domain_0ddc45fd9c8c01f50e0a7cf4a1e56776ab653c656725aa8af000a03d23a09ec0,IP_6a3acd21708c147319a900615bd420e791cd5f466315f9bdbc8e702cc0c6d4fa,r_dns_a,0
Domain_6d224b87bc1de75b05436cd85c4ba8b7fb62ac1073bf4a6d3f28744bfbeed352,IP_6a3acd21708c147319a900615bd420e791cd5f466315f9bdbc8e702cc0c6d4fa,r_dns_a,0
Domain_35e35a237d26a7767c8cab3592a6cf51713e96420f6d7381e414ca547034c293,Whois_Name_d519c32dfbc7ae45be70384ee5ca6744a8696b7548eaf393ca1ce5e6a96d0144,r_whois_name,0
Domain_4cba23c49f86bc67647f738e8350873e36c0716e7ff8f2b7392ba44617535be7,IP_6a3acd21708c147319a900615bd420e791cd5f466315f9bdbc8e702cc0c6d4fa,r_dns_a,0
Domain_f6f63ba67ab70599b8f123e9b444c008aa0116b07d6ce799a0c1252c48f07395,IP_6a3acd21708c147319a900615bd420e791cd5f466315f9bdbc8e702cc0c6d4fa,r_dns_a,0
Domain_a64a20a76e382f1cf717e6ad1f00ea48fdc27ed2982d00283138959e500b8dd2,Whois_Name_d519c32dfbc7ae45be70384ee5ca6744a8696b7548eaf393ca1ce5e6a96d0144,r_whois_name,0
Domain_341d75dbf065b874132e5247e995c3d23ddbe895dea598d4e5c0122e90d77f82,IP_6a3acd21708c147319a900615bd420e791cd5f466315f9bdbc8e702cc0c6d4fa,r_dns_a,0
Domain_de4fefcef5c68c999942b619555db923615233462d9b0f6a740533e6ccd08700,IP_6a3acd21708c147319a900615bd420e791cd5f466315f9bdbc8e702cc0c6d4fa,r_dns_a,0
Domain_89e12bb475bb6d918541f9712de0deb0da51d304f8372455026f1d3e2ea6ce0d,IP_6a3acd21708c147319a900615bd420e791cd5f466315f9bdbc8e702cc0c6d4fa,r_dns_a,0
Domain_89e12bb475bb6d918541f9712de0deb0da51d304f8372455026f1d3e2ea6ce0d,IP_3b8d4089161d3b4c56c21250567ae78a3d32bae4923361275717e85c32f26d47,r_dns_a,0
Domain_89e12bb475bb6d918541f9712de0deb0da51d304f8372455026f1d3e2ea6ce0d,Domain_df54349763566506addfcb2fd63ad44792e20894163db3ee1b0c5e388175293d,r_subdomain,0
Domain_6a97b1be7719e9123b5f3925190ba8384b6a44dc68ad21d50c41abaa20f4bfb8,Whois_Name_d519c32dfbc7ae45be70384ee5ca6744a8696b7548eaf393ca1ce5e6a96d0144,r_whois_name,0
Domain_1180a4e96cebaab63f2cb297df6cb71adf36722bcaff7edc72422bbc958415a4,Whois_Name_d519c32dfbc7ae45be70384ee5ca6744a8696b7548eaf393ca1ce5e6a96d0144,r_whois_name,0
Domain_9465440575a611de2503aff7c2e468c370900333100e3fb6feda9e27a844f85f,Whois_Name_d519c32dfbc7ae45be70384ee5ca6744a8696b7548eaf393ca1ce5e6a96d0144,r_whois_name,0
Domain_681bb92a5ea777e7a6cb201918bec1b161a582f5c22456f3a3b9b81a2d074386,Whois_Name_d519c32dfbc7ae45be70384ee5ca6744a8696b7548eaf393ca1ce5e6a96d0144,r_whois_name,0
Domain_f766b42f0e96f34c4258d319a10d448d3edbf858671c435cb138db2ffd19db5c,Whois_Name_d519c32dfbc7ae45be70384ee5ca6744a8696b7548eaf393ca1ce5e6a96d0144,r_whois_name,0
Domain_c11cd80832c47e7d0853bc75f50666481d6b413576a0236ef50c9b91d229cc91,Whois_Name_d519c32dfbc7ae45be70384ee5ca6744a8696b7548eaf393ca1ce5e6a96d0144,r_whois_name,0
Domain_433d2a7086e885d4021b161aa89ae041a4b5f9d50e7fd98c2a9a79a964d6234c,Whois_Name_d519c32dfbc7ae45be70384ee5ca6744a8696b7548eaf393ca1ce5e6a96d0144,r_whois_name,0
Domain_5e1966287ff7d24abb7e5f71cd17168d5574cdfd76f1d23daa95c512bf539e28,Whois_Name_d519c32dfbc7ae45be70384ee5ca6744a8696b7548eaf393ca1ce5e6a96d0144,r_whois_name,0
Domain_383a3b13fdf08479d119b3c2ca13dbf079af4da8bd59235f760f02a03190f49e,Whois_Name_d519c32dfbc7ae45be70384ee5ca6744a8696b7548eaf393ca1ce5e6a96d0144,r_whois_name,0
Domain_b3e40338e6bb9bd589f9299738ac49b8422ad8e2704b3bb35266a3a7d24f2ae6,Whois_Name_d519c32dfbc7ae45be70384ee5ca6744a8696b7548eaf393ca1ce5e6a96d0144,r_whois_name,0
Domain_3630b4099444da4e25744614bb24c4c0dcbdff5ef848b3edb98ebfd76e6434f3,Whois_Name_d519c32dfbc7ae45be70384ee5ca6744a8696b7548eaf393ca1ce5e6a96d0144,r_whois_name,0
Domain_bdfd8a66985bb3496e43303349e9d806b8185b1594cb8f1861575069d97853ae,Whois_Name_d519c32dfbc7ae45be70384ee5ca6744a8696b7548eaf393ca1ce5e6a96d0144,r_whois_name,0
Domain_26aede8e8066a19898a7172d9b3c619857b53cf69d674aed857d411b287ac2fa,Whois_Name_d519c32dfbc7ae45be70384ee5ca6744a8696b7548eaf393ca1ce5e6a96d0144,r_whois_name,0
Domain_10f576299c15e913dca6ee1f8b094637f0c6d846eb0bd8e5c1fd32205700a628,Whois_Name_d519c32dfbc7ae45be70384ee5ca6744a8696b7548eaf393ca1ce5e6a96d0144,r_whois_name,0
Domain_2eb3cd6678b081fff57c9d12e4629288529a7666ad7400b1c62a6d3711c474f9,Whois_Name_d519c32dfbc7ae45be70384ee5ca6744a8696b7548eaf393ca1ce5e6a96d0144,r_whois_name,0
Domain_bbc425676c244bd36aea8ee7d57038d9acba67adb06a127f77a219528306ae46,Whois_Name_d519c32dfbc7ae45be70384ee5ca6744a8696b7548eaf393ca1ce5e6a96d0144,r_whois_name,0
Domain_bb4355db91d999e692b5d70eba8263cb37ce597d9724f14431c42ebcc7b96f6a,Whois_Name_d519c32dfbc7ae45be70384ee5ca6744a8696b7548eaf393ca1ce5e6a96d0144,r_whois_name,0
Domain_05d72b41af99bc95e614fa07dc5e7806703e45319a88b19ee6ded9d5f4c16763,Whois_Name_d519c32dfbc7ae45be70384ee5ca6744a8696b7548eaf393ca1ce5e6a96d0144,r_whois_name,0
Domain_047fe5f085d6bd120545a29f2298b34b0d2ff6c47efcf2f34d5938916459403f,Whois_Name_d519c32dfbc7ae45be70384ee5ca6744a8696b7548eaf393ca1ce5e6a96d0144,r_whois_name,0
Domain_3102e2f871315f00c5f2ceafff41938177a42cfd4fc3b0049325a9ae2bcf150d,Whois_Name_d519c32dfbc7ae45be70384ee5ca6744a8696b7548eaf393ca1ce5e6a96d0144,r_whois_name,0
Domain_e0dde47e250bc19925786ed9bd2fcb2b074c45fdc2478e5ddbdf3552b897fe76,Whois_Name_d519c32dfbc7ae45be70384ee5ca6744a8696b7548eaf393ca1ce5e6a96d0144,r_whois_name,0
Domain_ba242f1ffb2b8c3df777055c6d4f4f6efd0506989573dacb3a8086d907ad809d,Whois_Name_d519c32dfbc7ae45be70384ee5ca6744a8696b7548eaf393ca1ce5e6a96d0144,r_whois_name,0
Domain_99eac72a2b0b03a483588d9e4f8e1fa126cd89ce14c911f25ad87783fbaeaeb0,Whois_Name_d519c32dfbc7ae45be70384ee5ca6744a8696b7548eaf393ca1ce5e6a96d0144,r_whois_name,0
Domain_ff7b0eff09f0991d2faf7d159eb42e01b51b572693fe6cad4dcc22aed13eef16,Whois_Name_d519c32dfbc7ae45be70384ee5ca6744a8696b7548eaf393ca1ce5e6a96d0144,r_whois_name,0
Domain_54edb1d6a03d92489ef28ff010fefa59d654440d6d5bde216cbfae5cc8504b33,Whois_Name_d519c32dfbc7ae45be70384ee5ca6744a8696b7548eaf393ca1ce5e6a96d0144,r_whois_name,0
Domain_e88a21cdf2dd61020c3287847d75b656afee8bb117f7f5ba34279d2ee5c25ce3,Whois_Name_d519c32dfbc7ae45be70384ee5ca6744a8696b7548eaf393ca1ce5e6a96d0144,r_whois_name,0
Domain_19afbbce421036bb7de2ca68423978eb919a696998a31ecdee05d7b4bd6ff55b,Whois_Name_d519c32dfbc7ae45be70384ee5ca6744a8696b7548eaf393ca1ce5e6a96d0144,r_whois_name,0
Domain_ba87deca2cccb876618b400f0f8411f331a609b35a26430170ffb27b2ad7ec5f,Whois_Name_d519c32dfbc7ae45be70384ee5ca6744a8696b7548eaf393ca1ce5e6a96d0144,r_whois_name,0
Domain_9ec0fea0593f2829c7d7c9115cabc5cf92d492c5adbe18eb777016d96f1b37b6,Whois_Name_d519c32dfbc7ae45be70384ee5ca6744a8696b7548eaf393ca1ce5e6a96d0144,r_whois_name,0
Domain_558b809186b220565a21cb8e9b649bda3291f6f2ce9bfe6132cbb74259d39693,Whois_Name_d519c32dfbc7ae45be70384ee5ca6744a8696b7548eaf393ca1ce5e6a96d0144,r_whois_name,0
Domain_128e9a96314d137b1ee8ad924de880029a9bafb978dcb76a0a990f3be0eb8326,Whois_Name_d519c32dfbc7ae45be70384ee5ca6744a8696b7548eaf393ca1ce5e6a96d0144,r_whois_name,0
Domain_4257f953f79cf18c9c5de169ef5d31e2a7f81f1e6f18972ac30c42454cba4db5,Whois_Name_d519c32dfbc7ae45be70384ee5ca6744a8696b7548eaf393ca1ce5e6a96d0144,r_whois_name,0
Domain_dbd3443b16f328de1d3a61304f1409b0a5b17a9a59f31cdb1d2003ccd2a3d566,Whois_Name_d519c32dfbc7ae45be70384ee5ca6744a8696b7548eaf393ca1ce5e6a96d0144,r_whois_name,0
Domain_362606379691bb169df24d8102e6310266dcd75618f66a58ed2dfcdce39c3d04,Whois_Name_d519c32dfbc7ae45be70384ee5ca6744a8696b7548eaf393ca1ce5e6a96d0144,r_whois_name,0
Domain_cfd925fd9e6a03bf6342cd6be2c47f35557a16d219986e217e7f412676e364cb,Whois_Name_d519c32dfbc7ae45be70384ee5ca6744a8696b7548eaf393ca1ce5e6a96d0144,r_whois_name,0
Domain_1e1c919e9312da748d4339e086d0ff0001fc3917fc9a836750d2ea62520075ac,Whois_Name_d519c32dfbc7ae45be70384ee5ca6744a8696b7548eaf393ca1ce5e6a96d0144,r_whois_name,0
Domain_e8443f58050a68e4d91f20e8f092cddc25309f7541979f030f0f079416b8313b,Whois_Name_d519c32dfbc7ae45be70384ee5ca6744a8696b7548eaf393ca1ce5e6a96d0144,r_whois_name,0
Domain_834c3cdd0fe41ecba65c216778330d4e706f999daf281fa1f16af487284cbae6,Whois_Name_d519c32dfbc7ae45be70384ee5ca6744a8696b7548eaf393ca1ce5e6a96d0144,r_whois_name,0
Domain_0de7117f6b56c98f1bfc244932949ce8d10b35fb2296ad932f6888b088183e95,Whois_Name_d519c32dfbc7ae45be70384ee5ca6744a8696b7548eaf393ca1ce5e6a96d0144,r_whois_name,0
Domain_925874c08e5a5a1ba7a92d7ef4a9fd5f49b88ba6eabd983e83f113883bb863ce,IP_6a3acd21708c147319a900615bd420e791cd5f466315f9bdbc8e702cc0c6d4fa,r_dns_a,0
Domain_925874c08e5a5a1ba7a92d7ef4a9fd5f49b88ba6eabd983e83f113883bb863ce,Cert_125499f72c216cedc81efc17f88dd5c990ce7d619931b0893f157813247e6b39,r_cert,0
Domain_925874c08e5a5a1ba7a92d7ef4a9fd5f49b88ba6eabd983e83f113883bb863ce,IP_3b8d4089161d3b4c56c21250567ae78a3d32bae4923361275717e85c32f26d47,r_dns_a,0
IP_3b8d4089161d3b4c56c21250567ae78a3d32bae4923361275717e85c32f26d47,ASN_a86c15455bcb9b7967833d13f513d8b030183a92137f02f26f9a0d6415521224,r_asn,0
Domain_fe5a8c3b20686c745f8b326f0684f4f7789427b052531f85551b307bcab0f1ff,IP_6a3acd21708c147319a900615bd420e791cd5f466315f9bdbc8e702cc0c6d4fa,r_dns_a,0
Domain_29b6e025c65e4337dadf023098e49bfeca5abfa15b34689f741fdf732c5f8bc7,IP_6a3acd21708c147319a900615bd420e791cd5f466315f9bdbc8e702cc0c6d4fa,r_dns_a,0
Domain_dfa4895f40e11733bff0db44d9602673c2ee259a8af5c288cfa51da89ca62353,IP_6a3acd21708c147319a900615bd420e791cd5f466315f9bdbc8e702cc0c6d4fa,r_dns_a,0
Domain_f8b49d9956044ce5a8877fc232829fe558f3418248ca62fae26c8e9b17e75ecb,IP_6a3acd21708c147319a900615bd420e791cd5f466315f9bdbc8e702cc0c6d4fa,r_dns_a,0
Domain_ccc29407fb130e8c56d8de4209862b723715440c72d8a2a92e627e063c3fa1fd,IP_6a3acd21708c147319a900615bd420e791cd5f466315f9bdbc8e702cc0c6d4fa,r_dns_a,0
Domain_072c853d01dd91a2edf66390718cd27f1ba6a5b391ab1414c059958f10ade484,IP_6a3acd21708c147319a900615bd420e791cd5f466315f9bdbc8e702cc0c6d4fa,r_dns_a,0
Domain_7e7a085088f3c4aa8552129769b4893a507e40883c5c12a0afc3c50951f3f030,IP_6a3acd21708c147319a900615bd420e791cd5f466315f9bdbc8e702cc0c6d4fa,r_dns_a,0
Domain_ed0ff47442c70042bccd818ccc307e72ad06a2d760f5004edc211a1eb7f482fc,IP_6a3acd21708c147319a900615bd420e791cd5f466315f9bdbc8e702cc0c6d4fa,r_dns_a,0
Domain_5bbc2b66d7aaf9fb535e62558d657c71c97d870d81c2f2d19cc838daddef9015,IP_6a3acd21708c147319a900615bd420e791cd5f466315f9bdbc8e702cc0c6d4fa,r_dns_a,0
Domain_752c6cbde99368bceee191d6253e50cf4ff6db89c220aa1302052ed4209a5cf5,IP_6a3acd21708c147319a900615bd420e791cd5f466315f9bdbc8e702cc0c6d4fa,r_dns_a,0
Domain_41cf0ee936ffcea26e67e1f74da18f6b1364dd6c406fe1aaa1291ce92ba935e2,IP_6a3acd21708c147319a900615bd420e791cd5f466315f9bdbc8e702cc0c6d4fa,r_dns_a,0
Domain_4735ac487a21e0d5f600947d1cd03a9c4fb88ede9a0e76102f9fe149ef3a8d62,IP_6a3acd21708c147319a900615bd420e791cd5f466315f9bdbc8e702cc0c6d4fa,r_dns_a,0
Domain_c7f9652d5c3e185a3ef91a92fd5435445decb53fc757eaa033bd737ec2c6a2b8,IP_6a3acd21708c147319a900615bd420e791cd5f466315f9bdbc8e702cc0c6d4fa,r_dns_a,0
Domain_7bd56633a4cd7c0d74663d67e7981dea1647fb97d7e0253ea898623eed7e1488,IP_6a3acd21708c147319a900615bd420e791cd5f466315f9bdbc8e702cc0c6d4fa,r_dns_a,0
Domain_82986ebde82550d15b2fbf70983c26a29f0644b0646e0c0c0a1d0c2d14d315a7,IP_6a3acd21708c147319a900615bd420e791cd5f466315f9bdbc8e702cc0c6d4fa,r_dns_a,0
Domain_5c657e6f26658e6f706d74d9d960a5edcb55ca8ec5f9ad97377e72ac019731b1,IP_6a3acd21708c147319a900615bd420e791cd5f466315f9bdbc8e702cc0c6d4fa,r_dns_a,0
Domain_5eac2208ea2f7c4dc5b63434ad7f15376d6763a0693049ab0d56b50ed85fa4a5,IP_6a3acd21708c147319a900615bd420e791cd5f466315f9bdbc8e702cc0c6d4fa,r_dns_a,0
Domain_6bec0e5e63be4d12dc94d075d659cd2310fdcdc9a0687297c233bbe5336226c5,IP_6a3acd21708c147319a900615bd420e791cd5f466315f9bdbc8e702cc0c6d4fa,r_dns_a,0
Domain_d61fb6d747bf0bc87081350e4960a176acf8bd52e28ebff7313accd4cee40ebb,IP_6a3acd21708c147319a900615bd420e791cd5f466315f9bdbc8e702cc0c6d4fa,r_dns_a,0
Domain_4b5c35b0d70fd4fb01ece473c12f398a7e63760b15ca9772c8819e9817da01c2,IP_6a3acd21708c147319a900615bd420e791cd5f466315f9bdbc8e702cc0c6d4fa,r_dns_a,0
Domain_5472d80291d84f4b7851b3a695539d5c359c45e3edb48c39985563260c4242f4,IP_6a3acd21708c147319a900615bd420e791cd5f466315f9bdbc8e702cc0c6d4fa,r_dns_a,0
Domain_63dd5bcb4a25a3ffb18cb4fb1fabebd819bb65db23dae3eb083b5e21ab939c76,IP_6a3acd21708c147319a900615bd420e791cd5f466315f9bdbc8e702cc0c6d4fa,r_dns_a,0
Domain_8422f79b740ef2e8674836d9fd1951d74139054981f104275f0162edda5e4986,IP_6a3acd21708c147319a900615bd420e791cd5f466315f9bdbc8e702cc0c6d4fa,r_dns_a,0
Domain_327fa568ddefbff192e513f8ae9a2591b7b6104511e96441f81769658a45499d,IP_6a3acd21708c147319a900615bd420e791cd5f466315f9bdbc8e702cc0c6d4fa,r_dns_a,0
Domain_84ab933244158ae9c8309adfe977db02de97bb95d1b6cbc5398e34e3549a71ef,IP_6a3acd21708c147319a900615bd420e791cd5f466315f9bdbc8e702cc0c6d4fa,r_dns_a,0
Domain_fca8c46cd7858dd2f399a32d804e52f3944207f0c12bfcb0e1c1ee53828fac9e,IP_6a3acd21708c147319a900615bd420e791cd5f466315f9bdbc8e702cc0c6d4fa,r_dns_a,0
Domain_fc1ad35999218d1a41b62449f1e0c31129061875859f07b25f11951a8bd81625,IP_6a3acd21708c147319a900615bd420e791cd5f466315f9bdbc8e702cc0c6d4fa,r_dns_a,0
Domain_bc95d02dce381c2dd999c0a8ae7650c8e695304832a3d2114b944530810359ee,IP_6a3acd21708c147319a900615bd420e791cd5f466315f9bdbc8e702cc0c6d4fa,r_dns_a,0
Domain_5f7b4fbd84c89273c367a82afa8165b6f771815efeaf229f2ba44638ba72c72e,IP_6a3acd21708c147319a900615bd420e791cd5f466315f9bdbc8e702cc0c6d4fa,r_dns_a,0
Domain_f1baeeb8766eaef56fc45933c7d1df9521c74d4ef0d90561d0343511bf950b47,IP_6a3acd21708c147319a900615bd420e791cd5f466315f9bdbc8e702cc0c6d4fa,r_dns_a,0
Domain_3fa21594c224b7e32466bd3c6342f11fdeee73b6ac8bb8a4b90828a3b6af314c,IP_6a3acd21708c147319a900615bd420e791cd5f466315f9bdbc8e702cc0c6d4fa,r_dns_a,0
Domain_4c993bdceddb38bf889561e07e4171236b22ceca7935e009702da389c820a08b,IP_6a3acd21708c147319a900615bd420e791cd5f466315f9bdbc8e702cc0c6d4fa,r_dns_a,0
Domain_1fd05a8e2647e5776c20e3c3362e440b776dc6bbbe69f9bd6913430e3abd3805,IP_6a3acd21708c147319a900615bd420e791cd5f466315f9bdbc8e702cc0c6d4fa,r_dns_a,0
Domain_edd7b289f263ddd0ebb8f3b74e205013c674edcdf873f814d63efc05e5550dc4,IP_6a3acd21708c147319a900615bd420e791cd5f466315f9bdbc8e702cc0c6d4fa,r_dns_a,0
Domain_8dffb8d1c30a289fb6d2734a2bb1a9959b81fb9cab5ca23fcf590f5240b35b3c,IP_6a3acd21708c147319a900615bd420e791cd5f466315f9bdbc8e702cc0c6d4fa,r_dns_a,0
Domain_5289f0df99ad044a72faf016d4e0ca05884d826282177864d362098310eef328,IP_6a3acd21708c147319a900615bd420e791cd5f466315f9bdbc8e702cc0c6d4fa,r_dns_a,0
Domain_94da5ce2236b96186a98bf22ae0ebb72ce3f958cde3161e8cc6590d828350eb6,IP_6a3acd21708c147319a900615bd420e791cd5f466315f9bdbc8e702cc0c6d4fa,r_dns_a,0
Domain_295d885757013425054a85c42cdd2eeceae676bb6eb3ffadff76f8a50aeeaf3e,IP_6a3acd21708c147319a900615bd420e791cd5f466315f9bdbc8e702cc0c6d4fa,r_dns_a,0
Domain_f172f069283f512092b8a7063df4cabc49f6c36a3c5b028a8c151113d671aaf8,IP_6a3acd21708c147319a900615bd420e791cd5f466315f9bdbc8e702cc0c6d4fa,r_dns_a,0
Domain_d9539a9c2257992c3b784b64bb32e39726d5f60c7db4aef03931d9f4cf1a2582,IP_6a3acd21708c147319a900615bd420e791cd5f466315f9bdbc8e702cc0c6d4fa,r_dns_a,0
Domain_bd55b0d05ec549ff5821519270d253aee8f7f8bae90c4fed99353a10e4f3e094,IP_6a3acd21708c147319a900615bd420e791cd5f466315f9bdbc8e702cc0c6d4fa,r_dns_a,0
Domain_34d845609683cc4c719a80ef63a3ed8400305d69d2910bb0b4130e305184140a,IP_6a3acd21708c147319a900615bd420e791cd5f466315f9bdbc8e702cc0c6d4fa,r_dns_a,0
Domain_9ff923f87ea86c587a22d9105f2f784ab97d074fe3eb5b3288957a41358b3a4e,IP_6a3acd21708c147319a900615bd420e791cd5f466315f9bdbc8e702cc0c6d4fa,r_dns_a,0
Domain_126cc41297ce8d2b4d86e6160e9e3bffa8d802b8bedbbe7a36dbf6699c83144d,IP_6a3acd21708c147319a900615bd420e791cd5f466315f9bdbc8e702cc0c6d4fa,r_dns_a,0
Domain_8e5422eb69b68475179e6522811918169b58bcee81ce02de71f8f328d6286e68,IP_6a3acd21708c147319a900615bd420e791cd5f466315f9bdbc8e702cc0c6d4fa,r_dns_a,0
Domain_719278dae56e58a80d3549f5a20ecc92ebaa2d0c6dd21c59796c493158d9226d,IP_6a3acd21708c147319a900615bd420e791cd5f466315f9bdbc8e702cc0c6d4fa,r_dns_a,0
Domain_1bf984b3d234be171d9467ae4ca8a1dc3538d4571f6ac30abefbea6fd41eec65,IP_6a3acd21708c147319a900615bd420e791cd5f466315f9bdbc8e702cc0c6d4fa,r_dns_a,0
Domain_bfa23ad9b965964f30587f437daaa7544721ec8da84882cc0e9a31990f9d812c,IP_6a3acd21708c147319a900615bd420e791cd5f466315f9bdbc8e702cc0c6d4fa,r_dns_a,0
Domain_5989b648daa7a94a4b718d160fe6f206dcdcb94a651a4396e4704579c4b591cc,IP_6a3acd21708c147319a900615bd420e791cd5f466315f9bdbc8e702cc0c6d4fa,r_dns_a,0
Domain_29996fb8c8f8d90fe803f58204c6de527621b1a1d225f17427cbf29988913b56,IP_6a3acd21708c147319a900615bd420e791cd5f466315f9bdbc8e702cc0c6d4fa,r_dns_a,0
Domain_a14430ed5a8d17ac4376671dba363ff8bfdb79baf8ef967d8d70e8a473228498,IP_6a3acd21708c147319a900615bd420e791cd5f466315f9bdbc8e702cc0c6d4fa,r_dns_a,0
Domain_ec91c77452a344ac623d5aba6eb26ea0c7552b1aefa2940dad9c4ca2e7dbe462,IP_6a3acd21708c147319a900615bd420e791cd5f466315f9bdbc8e702cc0c6d4fa,r_dns_a,0
Domain_cf2b38599fff2073a27b9e1caf0b61b0dfe85a8b542776bc71d59a22e488a605,IP_6a3acd21708c147319a900615bd420e791cd5f466315f9bdbc8e702cc0c6d4fa,r_dns_a,0
Domain_c7025346adb95f93b1d1d154809258740ebd874cca3f8b4caff67034fe16af7c,IP_6a3acd21708c147319a900615bd420e791cd5f466315f9bdbc8e702cc0c6d4fa,r_dns_a,0
Domain_bfb6af5578dee7ca1f559b8267966d632036182713b8757f40cc5b15dd8095c8,IP_6a3acd21708c147319a900615bd420e791cd5f466315f9bdbc8e702cc0c6d4fa,r_dns_a,0
Domain_1627be81e5971f908250e8cf8953beca866f25a998fe94c9fc481b85bcba5f20,IP_6a3acd21708c147319a900615bd420e791cd5f466315f9bdbc8e702cc0c6d4fa,r_dns_a,0
Domain_aa5f84086e6524f3ba534bd590a3037792bc36bd689381f2d9119db37b490d4d,IP_6a3acd21708c147319a900615bd420e791cd5f466315f9bdbc8e702cc0c6d4fa,r_dns_a,0
Domain_f6bb00d9290f4a5dc5073f4bfd4f6011a6554b3980ca5b35a927d4946e82d2bb,IP_6a3acd21708c147319a900615bd420e791cd5f466315f9bdbc8e702cc0c6d4fa,r_dns_a,0
Domain_b6053c41e8c76b41cbe2d0990f0b8b351d564e0896c1d80137a45c24474e5dc8,IP_6a3acd21708c147319a900615bd420e791cd5f466315f9bdbc8e702cc0c6d4fa,r_dns_a,0
Domain_083487ddd4b878fba6b8009e5e8235e8191167a5333e666034ad94c07521f2c0,IP_6a3acd21708c147319a900615bd420e791cd5f466315f9bdbc8e702cc0c6d4fa,r_dns_a,0
Domain_8132f9866c58dc5a7431af7e9dd2fb1bb5c824c0884c3c2cdb38276a6b08cfaf,IP_6a3acd21708c147319a900615bd420e791cd5f466315f9bdbc8e702cc0c6d4fa,r_dns_a,0
Domain_8a86634fdc0f8182fb90a36472135b3019482b91eb9a789e066556c79974e023,IP_6a3acd21708c147319a900615bd420e791cd5f466315f9bdbc8e702cc0c6d4fa,r_dns_a,0
Domain_4e63c10c199110d3795bc6ee6d9ae58c1b4bc7adae7e800504d6df254f710faf,IP_6a3acd21708c147319a900615bd420e791cd5f466315f9bdbc8e702cc0c6d4fa,r_dns_a,0
Domain_e44c069ec46227ee369cd6b533c7344ae5c4bfe38262404945f024c355b6556a,IP_6a3acd21708c147319a900615bd420e791cd5f466315f9bdbc8e702cc0c6d4fa,r_dns_a,0
Domain_95d435c5ab92f3abef17ecac1fc4554acf95fe345c3dcd723ba0bb3739cde9fd,IP_6a3acd21708c147319a900615bd420e791cd5f466315f9bdbc8e702cc0c6d4fa,r_dns_a,0
Domain_b924b57f4f972456b9c85d26c6f388d9e7cbe4500cd736c4ee6e3ab8a3379b40,IP_6a3acd21708c147319a900615bd420e791cd5f466315f9bdbc8e702cc0c6d4fa,r_dns_a,0
Domain_881d160026c2d45276c413ba8d00486d5c85b7bba5ad49b86821d7975570f5e9,IP_6a3acd21708c147319a900615bd420e791cd5f466315f9bdbc8e702cc0c6d4fa,r_dns_a,0
Domain_60ab7c61e65a4d81e56f1fd4a84cfd088adf3439bb17585cee09e31138483038,IP_6a3acd21708c147319a900615bd420e791cd5f466315f9bdbc8e702cc0c6d4fa,r_dns_a,0
Domain_97fca51e7494b777ed240f0c14f0d432f7db0599b826e40aa92104160ed951af,IP_6a3acd21708c147319a900615bd420e791cd5f466315f9bdbc8e702cc0c6d4fa,r_dns_a,0
Domain_4fea495e7de4027019080c627abd9f96cfc53f991b5dbc686450bcdf343e2347,IP_6a3acd21708c147319a900615bd420e791cd5f466315f9bdbc8e702cc0c6d4fa,r_dns_a,0
Domain_27f11fb9d0ae3a5689b7e0c231e0941f456c518924ca72744f86575cb298c887,IP_6a3acd21708c147319a900615bd420e791cd5f466315f9bdbc8e702cc0c6d4fa,r_dns_a,0
Domain_47352fe6fed49e6418d100f3eb6a68dbc08e463f7088a3857e9c37099923bead,IP_6a3acd21708c147319a900615bd420e791cd5f466315f9bdbc8e702cc0c6d4fa,r_dns_a,0
Domain_3af77b442d61f00cba25bd201ccdad99f0752eda3d3e95cd7be75cff063fbc6e,Whois_Name_d519c32dfbc7ae45be70384ee5ca6744a8696b7548eaf393ca1ce5e6a96d0144,r_whois_name,0
Domain_df54349763566506addfcb2fd63ad44792e20894163db3ee1b0c5e388175293d,IP_6a3acd21708c147319a900615bd420e791cd5f466315f9bdbc8e702cc0c6d4fa,r_dns_a,0
Domain_df54349763566506addfcb2fd63ad44792e20894163db3ee1b0c5e388175293d,IP_3b8d4089161d3b4c56c21250567ae78a3d32bae4923361275717e85c32f26d47,r_dns_a,0
Domain_18fe76080a05cb260227c07a5b0c969e7ec15b6e26313449587ae8c0642b680f,Whois_Name_d519c32dfbc7ae45be70384ee5ca6744a8696b7548eaf393ca1ce5e6a96d0144,r_whois_name,0
Domain_aad0ae828160bbf3ba63b8788f2c754392dd93392dc9f71209b4f14c20cbd64c,Whois_Name_d519c32dfbc7ae45be70384ee5ca6744a8696b7548eaf393ca1ce5e6a96d0144,r_whois_name,0
Domain_347db48780472eb35bede4c719bd3bf1d31c7a11a2c9a126c17f77c8de0a4dd0,Whois_Name_d519c32dfbc7ae45be70384ee5ca6744a8696b7548eaf393ca1ce5e6a96d0144,r_whois_name,0
Domain_7920757219eac397fa0e9362a3b562d103dfadbad9e62617af1afe265a80dcb8,Whois_Name_d519c32dfbc7ae45be70384ee5ca6744a8696b7548eaf393ca1ce5e6a96d0144,r_whois_name,0
Domain_f07c36a00cbb19a1b5d23db3d14a5f8863c108a3bac271bfbad328b6515f69d1,Whois_Name_d519c32dfbc7ae45be70384ee5ca6744a8696b7548eaf393ca1ce5e6a96d0144,r_whois_name,0
Domain_4a349ddee5dc01eafa0249b014ecda6a1758cb15a917adee6d5e1235c86bd481,Whois_Name_d519c32dfbc7ae45be70384ee5ca6744a8696b7548eaf393ca1ce5e6a96d0144,r_whois_name,0
Domain_cdc6d00229fcbb366fec4e0ab4ad1a4a82ae785a084c7085f5a40960c1c368a7,Whois_Name_d519c32dfbc7ae45be70384ee5ca6744a8696b7548eaf393ca1ce5e6a96d0144,r_whois_name,0
Domain_7678ff3c5c464e5937541e53789ff8452c5cd0cf5ab045753115a8bd3ae01e6c,Whois_Name_d519c32dfbc7ae45be70384ee5ca6744a8696b7548eaf393ca1ce5e6a96d0144,r_whois_name,0
Domain_b893db98892f74da91c50873fb6a856234adec1a907ae359150a03ecb956ec19,Whois_Name_d519c32dfbc7ae45be70384ee5ca6744a8696b7548eaf393ca1ce5e6a96d0144,r_whois_name,0
Domain_1ad5d57dc2cd7323b5691719346e87748e140a609772b7b053e5c4954b084226,Whois_Name_d519c32dfbc7ae45be70384ee5ca6744a8696b7548eaf393ca1ce5e6a96d0144,r_whois_name,0
Domain_d4d161982522d56506b5cae160b77a41f44f35247a4e20caa1eb5c4ce1d16997,Whois_Name_d519c32dfbc7ae45be70384ee5ca6744a8696b7548eaf393ca1ce5e6a96d0144,r_whois_name,0
Domain_d0e2eea0b954ad258fb984f7c5b1ca268be4af8ca8ae529d23f5e83de248d846,Whois_Name_d519c32dfbc7ae45be70384ee5ca6744a8696b7548eaf393ca1ce5e6a96d0144,r_whois_name,0
Domain_985ef130adbb1e925abfb7e6eb6e5417828a36f46eb97ce9953b889a1295da6f,Whois_Name_d519c32dfbc7ae45be70384ee5ca6744a8696b7548eaf393ca1ce5e6a96d0144,r_whois_name,0
Domain_d0c9bef2cb189a9f66086c330b6fd4ba97e7e4f9501cb90df11163af9b9dcc87,Whois_Name_d519c32dfbc7ae45be70384ee5ca6744a8696b7548eaf393ca1ce5e6a96d0144,r_whois_name,0
Domain_19be8a9318952c80745744ca03b2b6bd72dafc846bdb8e0207058102160b1d64,Whois_Name_d519c32dfbc7ae45be70384ee5ca6744a8696b7548eaf393ca1ce5e6a96d0144,r_whois_name,0
Domain_774e356fe026cf1365057df0e2e3a133475752dbbae6c3932e14ed79c94098dd,Whois_Name_d519c32dfbc7ae45be70384ee5ca6744a8696b7548eaf393ca1ce5e6a96d0144,r_whois_name,0
Domain_e4e90816d6be1fb473df70b303b90da050b59a6f0722d77446515ade9c729a6f,Whois_Name_d519c32dfbc7ae45be70384ee5ca6744a8696b7548eaf393ca1ce5e6a96d0144,r_whois_name,0
Domain_58726ccca470a8dd2f980116769565e7d3332c4a415acaab11fc001e0c6ca750,Whois_Name_d519c32dfbc7ae45be70384ee5ca6744a8696b7548eaf393ca1ce5e6a96d0144,r_whois_name,0
Domain_8071f16280ecf50f77fb10b36c128baee095ad642487574689514c428610dd8c,Whois_Name_d519c32dfbc7ae45be70384ee5ca6744a8696b7548eaf393ca1ce5e6a96d0144,r_whois_name,0
Domain_0b5cb2756bf5279792878568667346bd409575ee9a8923f90e432cb367eff6db,Whois_Name_d519c32dfbc7ae45be70384ee5ca6744a8696b7548eaf393ca1ce5e6a96d0144,r_whois_name,0
Domain_4bc4b9b318ef23fdc92b36b6de5edcbea179700d4f55fdd54de857a8f2a3d059,Whois_Name_d519c32dfbc7ae45be70384ee5ca6744a8696b7548eaf393ca1ce5e6a96d0144,r_whois_name,0
Domain_e0ac899780df32e1e006b8966eeaf1ee31725bc111544a540543e29b4f84b210,Whois_Name_d519c32dfbc7ae45be70384ee5ca6744a8696b7548eaf393ca1ce5e6a96d0144,r_whois_name,0
Domain_f71563b2173c24c27a924678a668fb611b7321cb88e0c1cf7020e4f3d5a79c2d,Whois_Name_d519c32dfbc7ae45be70384ee5ca6744a8696b7548eaf393ca1ce5e6a96d0144,r_whois_name,0
Domain_a1438048f2fa6d5263c44a826a82ff3dd049fb78a916aeac628e7f519904817a,Whois_Name_d519c32dfbc7ae45be70384ee5ca6744a8696b7548eaf393ca1ce5e6a96d0144,r_whois_name,0
Domain_a2994b2378193c50972664d7d55ff9a0cb45ee60eed39a29cfc2068174b2649a,Whois_Name_d519c32dfbc7ae45be70384ee5ca6744a8696b7548eaf393ca1ce5e6a96d0144,r_whois_name,0
Domain_3376de66420cef81e4ba9f35fb3739c7c55d1b7050cbc3579f825a912cb0f637,Whois_Name_d519c32dfbc7ae45be70384ee5ca6744a8696b7548eaf393ca1ce5e6a96d0144,r_whois_name,0
Domain_e0e0c1cc8f1ac8ad7bb185917329f14a927217f9c31fccbbb48182ca17216e78,Whois_Name_d519c32dfbc7ae45be70384ee5ca6744a8696b7548eaf393ca1ce5e6a96d0144,r_whois_name,0
Domain_36d18c2b9297b5d018f0ba4dde168b070288f27da1604d227cbb3217a903598c,Whois_Name_d519c32dfbc7ae45be70384ee5ca6744a8696b7548eaf393ca1ce5e6a96d0144,r_whois_name,0
Domain_d02643ed96eaeb28283b8c7968957e8bcd175e3002f93805a4296b1723e436ea,Whois_Name_d519c32dfbc7ae45be70384ee5ca6744a8696b7548eaf393ca1ce5e6a96d0144,r_whois_name,0
Domain_11a3840055fbeea16d36111f80396d7edad63f78c30946acf649b6e8549868ad,Whois_Name_d519c32dfbc7ae45be70384ee5ca6744a8696b7548eaf393ca1ce5e6a96d0144,r_whois_name,0
Domain_0d0f30ba9311a398b811044f623a2c527a589497f2c0f61785f75f12f76c5727,Whois_Name_d519c32dfbc7ae45be70384ee5ca6744a8696b7548eaf393ca1ce5e6a96d0144,r_whois_name,0
Domain_c4cdd55e69bcf728cc6a14873d6ac8a95f2802bc9229999932bcccb0cfd4090c,Whois_Name_d519c32dfbc7ae45be70384ee5ca6744a8696b7548eaf393ca1ce5e6a96d0144,r_whois_name,0
Domain_96a798116144102f5a488531aeeace53c5425f2b11f693ca1010c855c4cfb9d0,Whois_Name_d519c32dfbc7ae45be70384ee5ca6744a8696b7548eaf393ca1ce5e6a96d0144,r_whois_name,0
Domain_8153249a8ebe5bcc8ae072650e37ff8b4a8d2f3040d9ad87cf0992da377a86bd,Whois_Name_d519c32dfbc7ae45be70384ee5ca6744a8696b7548eaf393ca1ce5e6a96d0144,r_whois_name,0
Domain_9a8b323f492feb9f813be0b049a3b67e3b7e35d2f718e79b7d6e9723f0f13fe6,Whois_Name_d519c32dfbc7ae45be70384ee5ca6744a8696b7548eaf393ca1ce5e6a96d0144,r_whois_name,0
Domain_cdf331c5fd537aabfce9d69337a95f113866752159307639ce381179a69c5c1b,Whois_Name_d519c32dfbc7ae45be70384ee5ca6744a8696b7548eaf393ca1ce5e6a96d0144,r_whois_name,0
Domain_28bdf9cbd95ab431a67b819608c28f403acbddeda156ff20f9db7749dc2d7996,Whois_Name_d519c32dfbc7ae45be70384ee5ca6744a8696b7548eaf393ca1ce5e6a96d0144,r_whois_name,0
Domain_0857087b75d73eb64038831889d86937e368780cdd6645e5200c399b212b1ac1,Whois_Name_d519c32dfbc7ae45be70384ee5ca6744a8696b7548eaf393ca1ce5e6a96d0144,r_whois_name,0
Domain_e8a88eb5d903735eef48f3cb9b9d3b875afed54997ae73e6a8e73fb3646ceb3f,Whois_Name_d519c32dfbc7ae45be70384ee5ca6744a8696b7548eaf393ca1ce5e6a96d0144,r_whois_name,0
Domain_e6f9ddb0ae95c2297ddd77af0e977e4a140dbad66ab0009e43d00c97edb8d8f9,Whois_Name_d519c32dfbc7ae45be70384ee5ca6744a8696b7548eaf393ca1ce5e6a96d0144,r_whois_name,0
Domain_78aec425acddb3b2276ccbbd329d7b52e41e6bc719e656eea6bca5a452ac8161,Whois_Name_d519c32dfbc7ae45be70384ee5ca6744a8696b7548eaf393ca1ce5e6a96d0144,r_whois_name,0
Domain_671e8d4ef243f2ab15f7e775da41b3eada621b77b4ba5484c61eab37511da7cb,Whois_Name_d519c32dfbc7ae45be70384ee5ca6744a8696b7548eaf393ca1ce5e6a96d0144,r_whois_name,0
Domain_41066b77694146eed33a75d89cd1fe993b1463730a0dea07235ac04f1a548255,Whois_Name_d519c32dfbc7ae45be70384ee5ca6744a8696b7548eaf393ca1ce5e6a96d0144,r_whois_name,0
Domain_db2dab6920bfe7e6cee0addd523787e32e27407f1fbb114b2ce04ff5c2aaf17f,Whois_Name_d519c32dfbc7ae45be70384ee5ca6744a8696b7548eaf393ca1ce5e6a96d0144,r_whois_name,0
Domain_d551b35509ca3e39adeada3e5db370f6ac6cbb732e72bdb5ba7d27af0e085e75,Whois_Name_d519c32dfbc7ae45be70384ee5ca6744a8696b7548eaf393ca1ce5e6a96d0144,r_whois_name,0
Domain_af356142d87cea4957744cc79826b9b5fe030f4df2fb59fd2558cb7336812a55,Whois_Name_d519c32dfbc7ae45be70384ee5ca6744a8696b7548eaf393ca1ce5e6a96d0144,r_whois_name,0
Domain_76af799c50fdc11e899a20da93a9d66137139a2cb9009acf3ef90b5e64dbee8a,Whois_Name_d519c32dfbc7ae45be70384ee5ca6744a8696b7548eaf393ca1ce5e6a96d0144,r_whois_name,0
Domain_f41943d7cdbb6954de39ecc70bd822836d4ea6214ae36dc17bf1fb5a6abc7977,Whois_Name_d519c32dfbc7ae45be70384ee5ca6744a8696b7548eaf393ca1ce5e6a96d0144,r_whois_name,0
Domain_da2dcde07f8e37e98b3ee1597ca877b2d5d643325a05a1e09e3fdaacd7c0d9dc,Whois_Name_d519c32dfbc7ae45be70384ee5ca6744a8696b7548eaf393ca1ce5e6a96d0144,r_whois_name,0
Domain_370612b13dff3ce194e4da075ebfd04df7c299b20f9d950f41f8f58edc6541c7,Whois_Name_d519c32dfbc7ae45be70384ee5ca6744a8696b7548eaf393ca1ce5e6a96d0144,r_whois_name,0
Domain_d6276cb6fb16b37d76f07d1e8a7408532e0221609c71fcf247a45aca1df0b638,Whois_Name_d519c32dfbc7ae45be70384ee5ca6744a8696b7548eaf393ca1ce5e6a96d0144,r_whois_name,0
Domain_b5c40b43432a75d61d3f391401f5c7a751ae2608413b8999e2bd6285434f0e9c,Whois_Name_d519c32dfbc7ae45be70384ee5ca6744a8696b7548eaf393ca1ce5e6a96d0144,r_whois_name,0
Domain_c1f17163183b2fda231f20771ec1522f4d6191ca154f4176661003df13fe2aa3,Whois_Name_d519c32dfbc7ae45be70384ee5ca6744a8696b7548eaf393ca1ce5e6a96d0144,r_whois_name,0
Domain_ee903941b2da5f56abfc86b3f075ea964e6a9c2d25596450af13784140dd632c,Whois_Name_d519c32dfbc7ae45be70384ee5ca6744a8696b7548eaf393ca1ce5e6a96d0144,r_whois_name,0
Domain_caa00f6b6408843483d28cbe1e5a90ce2a60361b8aac8357b1b03ce13bb41811,Whois_Name_d519c32dfbc7ae45be70384ee5ca6744a8696b7548eaf393ca1ce5e6a96d0144,r_whois_name,0
