Domain_40638962ac67413a266587a8e7f9d697bd8f751e84705d42791fa4239dea8fe5,Domain_020837680ea6818c5f0da3208ed1d906249adb0eb3b4f04591cd7d985ca2083b,IP_0ad8a81d4ef3cf0fcce0b6c27e8e0fc6da7dfdbeaa0ef6a9c0de317d6ef08e6a
Domain_40638962ac67413a266587a8e7f9d697bd8f751e84705d42791fa4239dea8fe5,Domain_46c5dc0b77d5ae941a7b053526e1b398c6c43c1e7478dd052c9abc3ad222db15,IP_0ad8a81d4ef3cf0fcce0b6c27e8e0fc6da7dfdbeaa0ef6a9c0de317d6ef08e6a
Domain_40638962ac67413a266587a8e7f9d697bd8f751e84705d42791fa4239dea8fe5,Domain_8376ec1996c7006cf36db8ffd57573c09884a2153fb456df69c216c868645aa4,IP_0ad8a81d4ef3cf0fcce0b6c27e8e0fc6da7dfdbeaa0ef6a9c0de317d6ef08e6a
Domain_40638962ac67413a266587a8e7f9d697bd8f751e84705d42791fa4239dea8fe5,Domain_0a19509aa47cc58e0fe31ff113056309192fe653d44f3234e2fe7db5bb03ea10,IP_0ad8a81d4ef3cf0fcce0b6c27e8e0fc6da7dfdbeaa0ef6a9c0de317d6ef08e6a
Domain_40638962ac67413a266587a8e7f9d697bd8f751e84705d42791fa4239dea8fe5,Domain_62f7ce32713d4c9434d3fb0d2f877c19e4d7de934b3f9fa1dc5b5479142da40c,IP_0ad8a81d4ef3cf0fcce0b6c27e8e0fc6da7dfdbeaa0ef6a9c0de317d6ef08e6a
Domain_40638962ac67413a266587a8e7f9d697bd8f751e84705d42791fa4239dea8fe5,Domain_61330a2997341d871e9a871c5d3aa1b3eac1c4f1be2aa23128b3754d85cc3ea1,IP_0ad8a81d4ef3cf0fcce0b6c27e8e0fc6da7dfdbeaa0ef6a9c0de317d6ef08e6a
Domain_40638962ac67413a266587a8e7f9d697bd8f751e84705d42791fa4239dea8fe5,Domain_5adf80197a24565274e495ffd5cb1e7c38aa9c6e6c4b1c104d56531bfe222b5c,IP_0ad8a81d4ef3cf0fcce0b6c27e8e0fc6da7dfdbeaa0ef6a9c0de317d6ef08e6a
Domain_40638962ac67413a266587a8e7f9d697bd8f751e84705d42791fa4239dea8fe5,Domain_1ab5beefeb697c3ea8c28e5ce00d8904e173690ee955df301e82aa5913d316d3,IP_0ad8a81d4ef3cf0fcce0b6c27e8e0fc6da7dfdbeaa0ef6a9c0de317d6ef08e6a
Domain_40638962ac67413a266587a8e7f9d697bd8f751e84705d42791fa4239dea8fe5,Domain_569d9e1e7fc2903f3d822a4ed16a9fb0c74cdf609f1ee279dc2f0ed64bd42023,IP_0ad8a81d4ef3cf0fcce0b6c27e8e0fc6da7dfdbeaa0ef6a9c0de317d6ef08e6a
Domain_40638962ac67413a266587a8e7f9d697bd8f751e84705d42791fa4239dea8fe5,Domain_98abac19db333f8f0e486ac3bb2876de7209b563b852ca07aabd1860e48cf983,IP_0ad8a81d4ef3cf0fcce0b6c27e8e0fc6da7dfdbeaa0ef6a9c0de317d6ef08e6a
Domain_40638962ac67413a266587a8e7f9d697bd8f751e84705d42791fa4239dea8fe5,Domain_a6395e3705f7cfe7554c4ba9fe80c07310fe03c26333343c03799545b0c57939,IP_0ad8a81d4ef3cf0fcce0b6c27e8e0fc6da7dfdbeaa0ef6a9c0de317d6ef08e6a
Domain_40638962ac67413a266587a8e7f9d697bd8f751e84705d42791fa4239dea8fe5,Domain_71bf011c9a0a9350c8b2ff04190d4bb0f73dfbb6d85978514722c76856abebae,IP_0ad8a81d4ef3cf0fcce0b6c27e8e0fc6da7dfdbeaa0ef6a9c0de317d6ef08e6a
Domain_40638962ac67413a266587a8e7f9d697bd8f751e84705d42791fa4239dea8fe5,Domain_d275a1bcad496f2c90859282eeb7c2fddaec66a21f76178fbfbf648d93210a90,IP_0ad8a81d4ef3cf0fcce0b6c27e8e0fc6da7dfdbeaa0ef6a9c0de317d6ef08e6a
Domain_40638962ac67413a266587a8e7f9d697bd8f751e84705d42791fa4239dea8fe5,Domain_d7d4db03313131feac58481e34ae396aa0fc471aaff60289718a82074186cb31,IP_0ad8a81d4ef3cf0fcce0b6c27e8e0fc6da7dfdbeaa0ef6a9c0de317d6ef08e6a
Domain_40638962ac67413a266587a8e7f9d697bd8f751e84705d42791fa4239dea8fe5,Domain_d3e9a3545c313c6e4dfc2df251523a5eaa2c960f356e88068e12920efc2e8464,IP_0ad8a81d4ef3cf0fcce0b6c27e8e0fc6da7dfdbeaa0ef6a9c0de317d6ef08e6a
Domain_40638962ac67413a266587a8e7f9d697bd8f751e84705d42791fa4239dea8fe5,Domain_4634cff0202c1c8eff686b97dbd88d70bbe49289deb47cef2ac5cbc517b2a597,IP_0ad8a81d4ef3cf0fcce0b6c27e8e0fc6da7dfdbeaa0ef6a9c0de317d6ef08e6a
Domain_40638962ac67413a266587a8e7f9d697bd8f751e84705d42791fa4239dea8fe5,Domain_d1ef7979d927085aa3e7bf01bdefa99debb146d69f4088b87e9dafb5ffb06c04,IP_0ad8a81d4ef3cf0fcce0b6c27e8e0fc6da7dfdbeaa0ef6a9c0de317d6ef08e6a
Domain_40638962ac67413a266587a8e7f9d697bd8f751e84705d42791fa4239dea8fe5,Domain_7c063d1bccc6c7b539578a470fa53717672d1137a566fc44edba4b2333d1fe37,IP_0ad8a81d4ef3cf0fcce0b6c27e8e0fc6da7dfdbeaa0ef6a9c0de317d6ef08e6a
Domain_40638962ac67413a266587a8e7f9d697bd8f751e84705d42791fa4239dea8fe5,Domain_a44ff765654f750e1358eb79b5470409521345ca8b4b05acb2a5dc0083fc977b,IP_0ad8a81d4ef3cf0fcce0b6c27e8e0fc6da7dfdbeaa0ef6a9c0de317d6ef08e6a
Domain_40638962ac67413a266587a8e7f9d697bd8f751e84705d42791fa4239dea8fe5,Domain_a764e0504e692c2735547f266b3174628ac24237d88973b32beaf98cafcb5e31,IP_0ad8a81d4ef3cf0fcce0b6c27e8e0fc6da7dfdbeaa0ef6a9c0de317d6ef08e6a
Domain_40638962ac67413a266587a8e7f9d697bd8f751e84705d42791fa4239dea8fe5,Domain_a8ed73961a2bcb8fdd1a9e12090df1ab5f2b47cd4c7e87b879827d8ed407790d,IP_0ad8a81d4ef3cf0fcce0b6c27e8e0fc6da7dfdbeaa0ef6a9c0de317d6ef08e6a
Domain_40638962ac67413a266587a8e7f9d697bd8f751e84705d42791fa4239dea8fe5,Domain_9446c1b624665ef906b1c06ba272767ccce18b454a1cd161ed1b6a09ff51f538,IP_0ad8a81d4ef3cf0fcce0b6c27e8e0fc6da7dfdbeaa0ef6a9c0de317d6ef08e6a
Domain_40638962ac67413a266587a8e7f9d697bd8f751e84705d42791fa4239dea8fe5,Domain_ea7262a04df729db5863b6073c14270fe572373959c38b8cb7f76efe117d3366,IP_0ad8a81d4ef3cf0fcce0b6c27e8e0fc6da7dfdbeaa0ef6a9c0de317d6ef08e6a
Domain_40638962ac67413a266587a8e7f9d697bd8f751e84705d42791fa4239dea8fe5,Domain_afeec6f3937a557551035bdf129d9caa3c87a1764f8be57b2f91051db3183731,IP_0ad8a81d4ef3cf0fcce0b6c27e8e0fc6da7dfdbeaa0ef6a9c0de317d6ef08e6a
Domain_40638962ac67413a266587a8e7f9d697bd8f751e84705d42791fa4239dea8fe5,Domain_4bd08e0f0c2234cda439b18f041cd561030c96df61c79199fcbad644e462b09a,IP_0ad8a81d4ef3cf0fcce0b6c27e8e0fc6da7dfdbeaa0ef6a9c0de317d6ef08e6a
Domain_40638962ac67413a266587a8e7f9d697bd8f751e84705d42791fa4239dea8fe5,Domain_a41aa1cac5b47caf9d07a0849f25cb4655e772875fe58b1aec018cace010cf9d,IP_0ad8a81d4ef3cf0fcce0b6c27e8e0fc6da7dfdbeaa0ef6a9c0de317d6ef08e6a
Domain_40638962ac67413a266587a8e7f9d697bd8f751e84705d42791fa4239dea8fe5,Domain_213e73a5a5ee756f550b08a46a06ba472643a0a20b2fed6c9849bdf829afca37,IP_0ad8a81d4ef3cf0fcce0b6c27e8e0fc6da7dfdbeaa0ef6a9c0de317d6ef08e6a
Domain_40638962ac67413a266587a8e7f9d697bd8f751e84705d42791fa4239dea8fe5,Domain_0866662742075e8aea3b6cc0970abf73abe96513a7e5526e68835114dac52ac7,IP_0ad8a81d4ef3cf0fcce0b6c27e8e0fc6da7dfdbeaa0ef6a9c0de317d6ef08e6a
Domain_40638962ac67413a266587a8e7f9d697bd8f751e84705d42791fa4239dea8fe5,Domain_1d3572175ab7354e6a06003653b5db1ef882593644c51c0da4fdc8ebf542714c,IP_0ad8a81d4ef3cf0fcce0b6c27e8e0fc6da7dfdbeaa0ef6a9c0de317d6ef08e6a
Domain_40638962ac67413a266587a8e7f9d697bd8f751e84705d42791fa4239dea8fe5,Domain_b3b22303d3571506626186f5f29bfc65663145b4aa6b79fdc68b8db117a90e8a,IP_0ad8a81d4ef3cf0fcce0b6c27e8e0fc6da7dfdbeaa0ef6a9c0de317d6ef08e6a
Domain_40638962ac67413a266587a8e7f9d697bd8f751e84705d42791fa4239dea8fe5,Domain_ad0a148cf5bc994e24858275cffc9cab5df7666c426aa450b861f9980928119c,IP_0ad8a81d4ef3cf0fcce0b6c27e8e0fc6da7dfdbeaa0ef6a9c0de317d6ef08e6a
Domain_40638962ac67413a266587a8e7f9d697bd8f751e84705d42791fa4239dea8fe5,Domain_89f2a76383a6b2ea87f136c6b8ce69865e52d062f0630459a376452964b8cbf5,IP_0ad8a81d4ef3cf0fcce0b6c27e8e0fc6da7dfdbeaa0ef6a9c0de317d6ef08e6a
Domain_40638962ac67413a266587a8e7f9d697bd8f751e84705d42791fa4239dea8fe5,Domain_30423a38407cfcd125a8a4578b98fc0ac38de059b105fa9613d04c65b472f028,IP_0ad8a81d4ef3cf0fcce0b6c27e8e0fc6da7dfdbeaa0ef6a9c0de317d6ef08e6a
Domain_40638962ac67413a266587a8e7f9d697bd8f751e84705d42791fa4239dea8fe5,Domain_4af7e167080603176ae97307701f6c0506483e45ba571399b9c0f2172e81a7f7,IP_0ad8a81d4ef3cf0fcce0b6c27e8e0fc6da7dfdbeaa0ef6a9c0de317d6ef08e6a
Domain_40638962ac67413a266587a8e7f9d697bd8f751e84705d42791fa4239dea8fe5,Domain_e936c0d79f4d8b3ced9d21aae5c9d13ddcfa9cf84766bbadd4726d140677fd1e,IP_0ad8a81d4ef3cf0fcce0b6c27e8e0fc6da7dfdbeaa0ef6a9c0de317d6ef08e6a
Domain_40638962ac67413a266587a8e7f9d697bd8f751e84705d42791fa4239dea8fe5,Domain_75e534f42334f5fe0fc581f11ade4c2e8e09d01751e633af1812ea53791ea76e,IP_0ad8a81d4ef3cf0fcce0b6c27e8e0fc6da7dfdbeaa0ef6a9c0de317d6ef08e6a
Domain_40638962ac67413a266587a8e7f9d697bd8f751e84705d42791fa4239dea8fe5,Domain_6a4789ec61083935c74225b878f9fd21128b5c24e43b3146be8f112c9f0ebbc4,IP_0ad8a81d4ef3cf0fcce0b6c27e8e0fc6da7dfdbeaa0ef6a9c0de317d6ef08e6a
Domain_40638962ac67413a266587a8e7f9d697bd8f751e84705d42791fa4239dea8fe5,Domain_bf3032338d4e0e0c7d5294da85b6688bb96903b62b910fa9e3f348b297f1add3,IP_0ad8a81d4ef3cf0fcce0b6c27e8e0fc6da7dfdbeaa0ef6a9c0de317d6ef08e6a
Domain_40638962ac67413a266587a8e7f9d697bd8f751e84705d42791fa4239dea8fe5,Domain_6ea3cc06f77328d320882970b5c366b24a45d60dbd2212a5c1131c4de6fe6b67,IP_0ad8a81d4ef3cf0fcce0b6c27e8e0fc6da7dfdbeaa0ef6a9c0de317d6ef08e6a
Domain_40638962ac67413a266587a8e7f9d697bd8f751e84705d42791fa4239dea8fe5,Domain_3424a969b4ab6ced40d8a8f9f9a03b8b321e00a85e01e30263b75314bac5bce0,IP_0ad8a81d4ef3cf0fcce0b6c27e8e0fc6da7dfdbeaa0ef6a9c0de317d6ef08e6a
Domain_40638962ac67413a266587a8e7f9d697bd8f751e84705d42791fa4239dea8fe5,Domain_83a917546beb7fbca0703e3ead39b0f14d1c5e56fcc90a4d2766c6b90952db78,IP_0ad8a81d4ef3cf0fcce0b6c27e8e0fc6da7dfdbeaa0ef6a9c0de317d6ef08e6a
Domain_40638962ac67413a266587a8e7f9d697bd8f751e84705d42791fa4239dea8fe5,Domain_497d85ce205afd29b49b50238b9ecd5681c724b30f9e25f0b3ff83165b92a459,IP_0ad8a81d4ef3cf0fcce0b6c27e8e0fc6da7dfdbeaa0ef6a9c0de317d6ef08e6a
Domain_40638962ac67413a266587a8e7f9d697bd8f751e84705d42791fa4239dea8fe5,Domain_4f06a2be7c1d77689a035d0abb6880b95559060dec7e7e0daf65da8a07e4d903,IP_0ad8a81d4ef3cf0fcce0b6c27e8e0fc6da7dfdbeaa0ef6a9c0de317d6ef08e6a
Domain_40638962ac67413a266587a8e7f9d697bd8f751e84705d42791fa4239dea8fe5,Domain_c86d8a8c4ab725946697c321aad6685c573d6a0421486e67c4be9752dade10c2,IP_0ad8a81d4ef3cf0fcce0b6c27e8e0fc6da7dfdbeaa0ef6a9c0de317d6ef08e6a
Domain_40638962ac67413a266587a8e7f9d697bd8f751e84705d42791fa4239dea8fe5,Domain_1a27e2baeb49a3f9daade41ff0d7641e6490ca8a7efd022a7ddc90eacd71817b,IP_0ad8a81d4ef3cf0fcce0b6c27e8e0fc6da7dfdbeaa0ef6a9c0de317d6ef08e6a
Domain_40638962ac67413a266587a8e7f9d697bd8f751e84705d42791fa4239dea8fe5,Domain_a26f985b501c1517e7b6c89cab6eddfcd4bdf3d3794354170bf74a12de424bb1,IP_0ad8a81d4ef3cf0fcce0b6c27e8e0fc6da7dfdbeaa0ef6a9c0de317d6ef08e6a
Domain_40638962ac67413a266587a8e7f9d697bd8f751e84705d42791fa4239dea8fe5,Domain_ab284528262c2fcadcf2e50bbc639f22d2c7fab3b3183ba2c774e98997f72adf,IP_0ad8a81d4ef3cf0fcce0b6c27e8e0fc6da7dfdbeaa0ef6a9c0de317d6ef08e6a
Domain_40638962ac67413a266587a8e7f9d697bd8f751e84705d42791fa4239dea8fe5,Domain_aeabecbfa0ae4dc93feda40b1887d555bc4a1009285c1a261f1a3b5228868416,IP_0ad8a81d4ef3cf0fcce0b6c27e8e0fc6da7dfdbeaa0ef6a9c0de317d6ef08e6a
Domain_40638962ac67413a266587a8e7f9d697bd8f751e84705d42791fa4239dea8fe5,Domain_10713afa6bcc0b3f06919b9c1aff2479b1a3b593bd58b28a3e11523f16176a83,IP_0ad8a81d4ef3cf0fcce0b6c27e8e0fc6da7dfdbeaa0ef6a9c0de317d6ef08e6a
Domain_40638962ac67413a266587a8e7f9d697bd8f751e84705d42791fa4239dea8fe5,Domain_b5dcd989032f8855f001a244286663ddf67416ba3c198c8b24cd53fd69d33a74,IP_0ad8a81d4ef3cf0fcce0b6c27e8e0fc6da7dfdbeaa0ef6a9c0de317d6ef08e6a
Domain_40638962ac67413a266587a8e7f9d697bd8f751e84705d42791fa4239dea8fe5,Domain_7fb2d907c47e7aae6f779b656e404b44b7fb9fa7729d8f16935d6a1afd600c76,IP_0ad8a81d4ef3cf0fcce0b6c27e8e0fc6da7dfdbeaa0ef6a9c0de317d6ef08e6a
Domain_40638962ac67413a266587a8e7f9d697bd8f751e84705d42791fa4239dea8fe5,Domain_54ded2534efdd4320ff7116eb5c90f7fce379ddfce55801fad41bd95f4cefca1,IP_0ad8a81d4ef3cf0fcce0b6c27e8e0fc6da7dfdbeaa0ef6a9c0de317d6ef08e6a
Domain_40638962ac67413a266587a8e7f9d697bd8f751e84705d42791fa4239dea8fe5,Domain_023bb707a268ec615570fd6cb470e3f19b7318d9236123d16443136ce0e8493c,IP_0ad8a81d4ef3cf0fcce0b6c27e8e0fc6da7dfdbeaa0ef6a9c0de317d6ef08e6a
Domain_40638962ac67413a266587a8e7f9d697bd8f751e84705d42791fa4239dea8fe5,Domain_f6efd4455262f67023045f3de7fa68875d0685611508f13829c82d7cacc2fb81,IP_0ad8a81d4ef3cf0fcce0b6c27e8e0fc6da7dfdbeaa0ef6a9c0de317d6ef08e6a
Domain_40638962ac67413a266587a8e7f9d697bd8f751e84705d42791fa4239dea8fe5,Domain_181a3d69f00fb99c6149fc48a54b66d46b4c392b526eb47cea5762b1352bbba5,IP_0ad8a81d4ef3cf0fcce0b6c27e8e0fc6da7dfdbeaa0ef6a9c0de317d6ef08e6a
Domain_40638962ac67413a266587a8e7f9d697bd8f751e84705d42791fa4239dea8fe5,Domain_427e84b16fd8a648965433b46441d2fe9279412c47f89b9e39f7b158a9329487,IP_0ad8a81d4ef3cf0fcce0b6c27e8e0fc6da7dfdbeaa0ef6a9c0de317d6ef08e6a
Domain_40638962ac67413a266587a8e7f9d697bd8f751e84705d42791fa4239dea8fe5,Domain_5708fbb5a61e02de110cccdf583137a0b544d5a496fd29a42b7d34cd56db4681,IP_0ad8a81d4ef3cf0fcce0b6c27e8e0fc6da7dfdbeaa0ef6a9c0de317d6ef08e6a
Domain_40638962ac67413a266587a8e7f9d697bd8f751e84705d42791fa4239dea8fe5,Domain_a4f004696c9f63c7ede1a54a3865e8e381e825fcdc2b62b37ec414d4fc5adc21,IP_0ad8a81d4ef3cf0fcce0b6c27e8e0fc6da7dfdbeaa0ef6a9c0de317d6ef08e6a
Domain_40638962ac67413a266587a8e7f9d697bd8f751e84705d42791fa4239dea8fe5,Domain_c8e957e58ce9560d2ab2e9a1b1657652a51f85145f36f4e07e2009589af19c0c,IP_0ad8a81d4ef3cf0fcce0b6c27e8e0fc6da7dfdbeaa0ef6a9c0de317d6ef08e6a
Domain_40638962ac67413a266587a8e7f9d697bd8f751e84705d42791fa4239dea8fe5,Domain_785018f9544f2286a299dae5e6ae3bcc01c1787a0e6c56ec5ea8df9bb1e672b0,IP_0ad8a81d4ef3cf0fcce0b6c27e8e0fc6da7dfdbeaa0ef6a9c0de317d6ef08e6a
Domain_40638962ac67413a266587a8e7f9d697bd8f751e84705d42791fa4239dea8fe5,Domain_d2f58b2e0281c85a2dfec2e69ca51d73ec3e186ab20d95e6abea79ba460d2e66,IP_0ad8a81d4ef3cf0fcce0b6c27e8e0fc6da7dfdbeaa0ef6a9c0de317d6ef08e6a
Domain_40638962ac67413a266587a8e7f9d697bd8f751e84705d42791fa4239dea8fe5,Domain_ab585740e8757187df4b40ec8a73188bffaabf22dfc5d50af82b06f8a4e76ac9,IP_0ad8a81d4ef3cf0fcce0b6c27e8e0fc6da7dfdbeaa0ef6a9c0de317d6ef08e6a
Domain_40638962ac67413a266587a8e7f9d697bd8f751e84705d42791fa4239dea8fe5,Domain_e324ecc6d0f2b46a061bab92b3dd4bed5309313021ab6374a60445a546f24a19,IP_0ad8a81d4ef3cf0fcce0b6c27e8e0fc6da7dfdbeaa0ef6a9c0de317d6ef08e6a
Domain_40638962ac67413a266587a8e7f9d697bd8f751e84705d42791fa4239dea8fe5,Domain_785ecf1c9006c9bf3044b637462fa2f37cfed87d60745327f5fce2ef5fd98e5e,IP_0ad8a81d4ef3cf0fcce0b6c27e8e0fc6da7dfdbeaa0ef6a9c0de317d6ef08e6a
Domain_40638962ac67413a266587a8e7f9d697bd8f751e84705d42791fa4239dea8fe5,Domain_3fcc9743f6191db36a3cee65673c4b425ab10879ddb7053680b486e3a273ecc5,IP_0ad8a81d4ef3cf0fcce0b6c27e8e0fc6da7dfdbeaa0ef6a9c0de317d6ef08e6a
Domain_40638962ac67413a266587a8e7f9d697bd8f751e84705d42791fa4239dea8fe5,Domain_dbe023ebf22376e4c66d5ccf9b7aebe41a9409d73fabed449707dc9b97dd3011,IP_0ad8a81d4ef3cf0fcce0b6c27e8e0fc6da7dfdbeaa0ef6a9c0de317d6ef08e6a
Domain_40638962ac67413a266587a8e7f9d697bd8f751e84705d42791fa4239dea8fe5,Domain_020837680ea6818c5f0da3208ed1d906249adb0eb3b4f04591cd7d985ca2083b,Cert_0cb2b052dd3f397ae032b40717b39f4e1f5adec3015a3744a2c117e5e0e2c745
Domain_40638962ac67413a266587a8e7f9d697bd8f751e84705d42791fa4239dea8fe5,Domain_46c5dc0b77d5ae941a7b053526e1b398c6c43c1e7478dd052c9abc3ad222db15,Cert_0cb2b052dd3f397ae032b40717b39f4e1f5adec3015a3744a2c117e5e0e2c745
Domain_40638962ac67413a266587a8e7f9d697bd8f751e84705d42791fa4239dea8fe5,Domain_62f7ce32713d4c9434d3fb0d2f877c19e4d7de934b3f9fa1dc5b5479142da40c,Cert_0cb2b052dd3f397ae032b40717b39f4e1f5adec3015a3744a2c117e5e0e2c745
Domain_40638962ac67413a266587a8e7f9d697bd8f751e84705d42791fa4239dea8fe5,Domain_5adf80197a24565274e495ffd5cb1e7c38aa9c6e6c4b1c104d56531bfe222b5c,Cert_0cb2b052dd3f397ae032b40717b39f4e1f5adec3015a3744a2c117e5e0e2c745
Domain_40638962ac67413a266587a8e7f9d697bd8f751e84705d42791fa4239dea8fe5,Domain_d275a1bcad496f2c90859282eeb7c2fddaec66a21f76178fbfbf648d93210a90,Cert_0cb2b052dd3f397ae032b40717b39f4e1f5adec3015a3744a2c117e5e0e2c745
Domain_40638962ac67413a266587a8e7f9d697bd8f751e84705d42791fa4239dea8fe5,Domain_d3e9a3545c313c6e4dfc2df251523a5eaa2c960f356e88068e12920efc2e8464,Cert_0cb2b052dd3f397ae032b40717b39f4e1f5adec3015a3744a2c117e5e0e2c745
Domain_40638962ac67413a266587a8e7f9d697bd8f751e84705d42791fa4239dea8fe5,Domain_ad0a148cf5bc994e24858275cffc9cab5df7666c426aa450b861f9980928119c,Cert_0cb2b052dd3f397ae032b40717b39f4e1f5adec3015a3744a2c117e5e0e2c745
Domain_40638962ac67413a266587a8e7f9d697bd8f751e84705d42791fa4239dea8fe5,Domain_6a4789ec61083935c74225b878f9fd21128b5c24e43b3146be8f112c9f0ebbc4,Cert_0cb2b052dd3f397ae032b40717b39f4e1f5adec3015a3744a2c117e5e0e2c745
Domain_40638962ac67413a266587a8e7f9d697bd8f751e84705d42791fa4239dea8fe5,Domain_7fb2d907c47e7aae6f779b656e404b44b7fb9fa7729d8f16935d6a1afd600c76,Cert_0cb2b052dd3f397ae032b40717b39f4e1f5adec3015a3744a2c117e5e0e2c745
Domain_40638962ac67413a266587a8e7f9d697bd8f751e84705d42791fa4239dea8fe5,Domain_f6efd4455262f67023045f3de7fa68875d0685611508f13829c82d7cacc2fb81,Cert_0cb2b052dd3f397ae032b40717b39f4e1f5adec3015a3744a2c117e5e0e2c745
Domain_40638962ac67413a266587a8e7f9d697bd8f751e84705d42791fa4239dea8fe5,Domain_427e84b16fd8a648965433b46441d2fe9279412c47f89b9e39f7b158a9329487,Cert_0cb2b052dd3f397ae032b40717b39f4e1f5adec3015a3744a2c117e5e0e2c745
Domain_40638962ac67413a266587a8e7f9d697bd8f751e84705d42791fa4239dea8fe5,Domain_3fcc9743f6191db36a3cee65673c4b425ab10879ddb7053680b486e3a273ecc5,Cert_0cb2b052dd3f397ae032b40717b39f4e1f5adec3015a3744a2c117e5e0e2c745
Domain_40638962ac67413a266587a8e7f9d697bd8f751e84705d42791fa4239dea8fe5,Domain_dbe023ebf22376e4c66d5ccf9b7aebe41a9409d73fabed449707dc9b97dd3011,Cert_0cb2b052dd3f397ae032b40717b39f4e1f5adec3015a3744a2c117e5e0e2c745
Domain_40638962ac67413a266587a8e7f9d697bd8f751e84705d42791fa4239dea8fe5,Whois_Name_01111acc9f8e83ed9cd066c1d0fbf8cf7e098bba5f745f3d4f1c3a02e435ac41,Domain_9b079521c99d86012cfedf0c998515eca919210e37efa02fc6f1a3344fceb9b9
Domain_40638962ac67413a266587a8e7f9d697bd8f751e84705d42791fa4239dea8fe5,Whois_Name_1d692cb5d6e6a32ea7086fc3cf741456a9841a4ed793bf30bbcd24030c342f48,Domain_9b079521c99d86012cfedf0c998515eca919210e37efa02fc6f1a3344fceb9b9
Domain_40638962ac67413a266587a8e7f9d697bd8f751e84705d42791fa4239dea8fe5,Whois_Name_6540113d17d5e231fa00c6950694d6f70ca24d8e636420c48efc88e261837bdf,Domain_9b079521c99d86012cfedf0c998515eca919210e37efa02fc6f1a3344fceb9b9
Domain_40638962ac67413a266587a8e7f9d697bd8f751e84705d42791fa4239dea8fe5,Whois_Name_2dfa0ed03d5171aca8dd0b49c5e280c80a099eaee956f9fbc499b8a04969b1a4,Domain_9b079521c99d86012cfedf0c998515eca919210e37efa02fc6f1a3344fceb9b9
Domain_40638962ac67413a266587a8e7f9d697bd8f751e84705d42791fa4239dea8fe5,Whois_Name_f52bade5450fa6783f3808a52c12a572786a9f393e2a0a0649da7455500a8790,Domain_9b079521c99d86012cfedf0c998515eca919210e37efa02fc6f1a3344fceb9b9
Domain_40638962ac67413a266587a8e7f9d697bd8f751e84705d42791fa4239dea8fe5,Whois_Name_8138d78cf77404031b2ee54f1622f5af7f40e9e51829c41f8fefee42cb650172,Domain_9b079521c99d86012cfedf0c998515eca919210e37efa02fc6f1a3344fceb9b9
Domain_40638962ac67413a266587a8e7f9d697bd8f751e84705d42791fa4239dea8fe5,Whois_Name_01111acc9f8e83ed9cd066c1d0fbf8cf7e098bba5f745f3d4f1c3a02e435ac41,Domain_2861c9c9a8ad39072bb578e853d5e8ebeb37e1fed2de1a7d0a7facac4ebe3d6c
Domain_40638962ac67413a266587a8e7f9d697bd8f751e84705d42791fa4239dea8fe5,Whois_Name_1d692cb5d6e6a32ea7086fc3cf741456a9841a4ed793bf30bbcd24030c342f48,Domain_2861c9c9a8ad39072bb578e853d5e8ebeb37e1fed2de1a7d0a7facac4ebe3d6c
Domain_40638962ac67413a266587a8e7f9d697bd8f751e84705d42791fa4239dea8fe5,Whois_Name_6540113d17d5e231fa00c6950694d6f70ca24d8e636420c48efc88e261837bdf,Domain_2861c9c9a8ad39072bb578e853d5e8ebeb37e1fed2de1a7d0a7facac4ebe3d6c
Domain_40638962ac67413a266587a8e7f9d697bd8f751e84705d42791fa4239dea8fe5,Whois_Name_2dfa0ed03d5171aca8dd0b49c5e280c80a099eaee956f9fbc499b8a04969b1a4,Domain_2861c9c9a8ad39072bb578e853d5e8ebeb37e1fed2de1a7d0a7facac4ebe3d6c
Domain_40638962ac67413a266587a8e7f9d697bd8f751e84705d42791fa4239dea8fe5,Whois_Name_f52bade5450fa6783f3808a52c12a572786a9f393e2a0a0649da7455500a8790,Domain_2861c9c9a8ad39072bb578e853d5e8ebeb37e1fed2de1a7d0a7facac4ebe3d6c
Domain_40638962ac67413a266587a8e7f9d697bd8f751e84705d42791fa4239dea8fe5,Whois_Name_8138d78cf77404031b2ee54f1622f5af7f40e9e51829c41f8fefee42cb650172,Domain_2861c9c9a8ad39072bb578e853d5e8ebeb37e1fed2de1a7d0a7facac4ebe3d6c
Domain_40638962ac67413a266587a8e7f9d697bd8f751e84705d42791fa4239dea8fe5,Whois_Name_01111acc9f8e83ed9cd066c1d0fbf8cf7e098bba5f745f3d4f1c3a02e435ac41,Domain_a2ff0adc7b39883e3a71114298a61f38fac96ad483e592e90a61e1d65400125d
Domain_40638962ac67413a266587a8e7f9d697bd8f751e84705d42791fa4239dea8fe5,Whois_Name_1d692cb5d6e6a32ea7086fc3cf741456a9841a4ed793bf30bbcd24030c342f48,Domain_a2ff0adc7b39883e3a71114298a61f38fac96ad483e592e90a61e1d65400125d
Domain_40638962ac67413a266587a8e7f9d697bd8f751e84705d42791fa4239dea8fe5,Whois_Name_6540113d17d5e231fa00c6950694d6f70ca24d8e636420c48efc88e261837bdf,Domain_a2ff0adc7b39883e3a71114298a61f38fac96ad483e592e90a61e1d65400125d
Domain_40638962ac67413a266587a8e7f9d697bd8f751e84705d42791fa4239dea8fe5,Whois_Name_2dfa0ed03d5171aca8dd0b49c5e280c80a099eaee956f9fbc499b8a04969b1a4,Domain_a2ff0adc7b39883e3a71114298a61f38fac96ad483e592e90a61e1d65400125d
Domain_40638962ac67413a266587a8e7f9d697bd8f751e84705d42791fa4239dea8fe5,Whois_Name_f52bade5450fa6783f3808a52c12a572786a9f393e2a0a0649da7455500a8790,Domain_a2ff0adc7b39883e3a71114298a61f38fac96ad483e592e90a61e1d65400125d
Domain_40638962ac67413a266587a8e7f9d697bd8f751e84705d42791fa4239dea8fe5,Whois_Name_8138d78cf77404031b2ee54f1622f5af7f40e9e51829c41f8fefee42cb650172,Domain_a2ff0adc7b39883e3a71114298a61f38fac96ad483e592e90a61e1d65400125d
IP_0ad8a81d4ef3cf0fcce0b6c27e8e0fc6da7dfdbeaa0ef6a9c0de317d6ef08e6a,Domain_111e70211b10ac8e3dba75eb450f86a8bac7bd1f83dea7df0936f89c90cfd591,Cert_0cb2b052dd3f397ae032b40717b39f4e1f5adec3015a3744a2c117e5e0e2c745
IP_0ad8a81d4ef3cf0fcce0b6c27e8e0fc6da7dfdbeaa0ef6a9c0de317d6ef08e6a,Domain_5331b9e3c9b6d762a440a4e6cc50868f2e0fd1858d5b394226b159a584fcea99,Cert_0cb2b052dd3f397ae032b40717b39f4e1f5adec3015a3744a2c117e5e0e2c745
IP_0ad8a81d4ef3cf0fcce0b6c27e8e0fc6da7dfdbeaa0ef6a9c0de317d6ef08e6a,Domain_515d7676b539ecb84379c41db589a88ed6a5e2307722582925190a79c4c45900,Cert_0cb2b052dd3f397ae032b40717b39f4e1f5adec3015a3744a2c117e5e0e2c745
IP_0ad8a81d4ef3cf0fcce0b6c27e8e0fc6da7dfdbeaa0ef6a9c0de317d6ef08e6a,Domain_2d323abea7decaf4b34df6c93cb5acd3bd158498fbd444940e4891e9f1ef83bc,Cert_0cb2b052dd3f397ae032b40717b39f4e1f5adec3015a3744a2c117e5e0e2c745
IP_0ad8a81d4ef3cf0fcce0b6c27e8e0fc6da7dfdbeaa0ef6a9c0de317d6ef08e6a,Domain_58bcbe80b030f0c1a723a1801748cb7b1f8462ecedc631f82461dd11317331f0,Cert_0cb2b052dd3f397ae032b40717b39f4e1f5adec3015a3744a2c117e5e0e2c745
IP_0ad8a81d4ef3cf0fcce0b6c27e8e0fc6da7dfdbeaa0ef6a9c0de317d6ef08e6a,Domain_afe8eba117511dc3284919c2aedc3c93aacf9787b747c87f279eac34af675ebf,Cert_0cb2b052dd3f397ae032b40717b39f4e1f5adec3015a3744a2c117e5e0e2c745
IP_0ad8a81d4ef3cf0fcce0b6c27e8e0fc6da7dfdbeaa0ef6a9c0de317d6ef08e6a,Domain_672845306dc16077e276ef3e722dc8f00d67103d307a4b5caedd62644099c5cf,Cert_0cb2b052dd3f397ae032b40717b39f4e1f5adec3015a3744a2c117e5e0e2c745
IP_0ad8a81d4ef3cf0fcce0b6c27e8e0fc6da7dfdbeaa0ef6a9c0de317d6ef08e6a,Domain_259c27a663cccd5b6c4bd6553584276e9e42d2f009bc5d8435fd240e6ee246e7,Cert_0cb2b052dd3f397ae032b40717b39f4e1f5adec3015a3744a2c117e5e0e2c745
IP_0ad8a81d4ef3cf0fcce0b6c27e8e0fc6da7dfdbeaa0ef6a9c0de317d6ef08e6a,Domain_de8c62f38b566ecf9e5cca8479075dfd3f9643e257cafe1d06b2d93e94edb9e4,Cert_0cb2b052dd3f397ae032b40717b39f4e1f5adec3015a3744a2c117e5e0e2c745
IP_0ad8a81d4ef3cf0fcce0b6c27e8e0fc6da7dfdbeaa0ef6a9c0de317d6ef08e6a,Domain_274a826be01cbb1886876b27f28a07cd0c14c6691efac9e5e7bbbefcfe7d626e,Cert_0cb2b052dd3f397ae032b40717b39f4e1f5adec3015a3744a2c117e5e0e2c745
IP_0ad8a81d4ef3cf0fcce0b6c27e8e0fc6da7dfdbeaa0ef6a9c0de317d6ef08e6a,Domain_1f96bba946531cbe70947c62f0b499814bb44537962252d8c7929383a7bb9f2b,Cert_0cb2b052dd3f397ae032b40717b39f4e1f5adec3015a3744a2c117e5e0e2c745
IP_0ad8a81d4ef3cf0fcce0b6c27e8e0fc6da7dfdbeaa0ef6a9c0de317d6ef08e6a,Domain_534625694a6dd33758c975c80fe665b42d28e78749b9935156ff4bd15ce30f4e,Cert_0cb2b052dd3f397ae032b40717b39f4e1f5adec3015a3744a2c117e5e0e2c745
IP_0ad8a81d4ef3cf0fcce0b6c27e8e0fc6da7dfdbeaa0ef6a9c0de317d6ef08e6a,Domain_ad724cfaaecbb5842f3ff2842933537aaadedb4ca1846b265449080b51f81f92,Cert_0cb2b052dd3f397ae032b40717b39f4e1f5adec3015a3744a2c117e5e0e2c745
IP_0ad8a81d4ef3cf0fcce0b6c27e8e0fc6da7dfdbeaa0ef6a9c0de317d6ef08e6a,Domain_5409849b6e7a35a0b72aed96cb7c36b51e634e10b61d5b7fb58c8a6d651d92ef,Cert_0cb2b052dd3f397ae032b40717b39f4e1f5adec3015a3744a2c117e5e0e2c745
IP_0ad8a81d4ef3cf0fcce0b6c27e8e0fc6da7dfdbeaa0ef6a9c0de317d6ef08e6a,Domain_6eb1d6a5dec4035937279ebff7e31638fb90a7aff5abb5d31e813d1ad01be649,Cert_0cb2b052dd3f397ae032b40717b39f4e1f5adec3015a3744a2c117e5e0e2c745
IP_0ad8a81d4ef3cf0fcce0b6c27e8e0fc6da7dfdbeaa0ef6a9c0de317d6ef08e6a,Domain_44da5f7a160259e3418de1dd053e408070a3d7fc0121465253446bea83fb6a01,Cert_0cb2b052dd3f397ae032b40717b39f4e1f5adec3015a3744a2c117e5e0e2c745
IP_0ad8a81d4ef3cf0fcce0b6c27e8e0fc6da7dfdbeaa0ef6a9c0de317d6ef08e6a,Domain_1ef676d22af4a6115f33b1cf9f6ac08910987ec919714033bb45116e3df97f29,Cert_0cb2b052dd3f397ae032b40717b39f4e1f5adec3015a3744a2c117e5e0e2c745
IP_0ad8a81d4ef3cf0fcce0b6c27e8e0fc6da7dfdbeaa0ef6a9c0de317d6ef08e6a,Domain_deed5e6df14bea6dc733487c2c1d1509ffe94b5c915ef0bf387a3603c0175c30,Cert_0cb2b052dd3f397ae032b40717b39f4e1f5adec3015a3744a2c117e5e0e2c745
IP_0ad8a81d4ef3cf0fcce0b6c27e8e0fc6da7dfdbeaa0ef6a9c0de317d6ef08e6a,Domain_a355a49e1eeec40b6ac6f3d97ddf656de74bf9fd402b4901dd0524a9f1575060,Cert_0cb2b052dd3f397ae032b40717b39f4e1f5adec3015a3744a2c117e5e0e2c745
IP_0ad8a81d4ef3cf0fcce0b6c27e8e0fc6da7dfdbeaa0ef6a9c0de317d6ef08e6a,Domain_12f1efbef8bdcc5068d127061acdc7b133ce4bb861c3d7dd64fad16cccc5493e,Cert_0cb2b052dd3f397ae032b40717b39f4e1f5adec3015a3744a2c117e5e0e2c745
IP_0ad8a81d4ef3cf0fcce0b6c27e8e0fc6da7dfdbeaa0ef6a9c0de317d6ef08e6a,Domain_20f389c8a62aafc61204916c7c17f2853fa7fccd9f3f4726365d7c44bd785286,Cert_0cb2b052dd3f397ae032b40717b39f4e1f5adec3015a3744a2c117e5e0e2c745
IP_0ad8a81d4ef3cf0fcce0b6c27e8e0fc6da7dfdbeaa0ef6a9c0de317d6ef08e6a,Domain_2d892dac50a5d714cae9b296a4d63664c202eb44516d7db5701b90c92f702bbe,Cert_0cb2b052dd3f397ae032b40717b39f4e1f5adec3015a3744a2c117e5e0e2c745
IP_0ad8a81d4ef3cf0fcce0b6c27e8e0fc6da7dfdbeaa0ef6a9c0de317d6ef08e6a,Domain_168a631cb2f5a75b94d5cf86af9645276f461daca67fdf929e70d8aa4b328e9a,Cert_0cb2b052dd3f397ae032b40717b39f4e1f5adec3015a3744a2c117e5e0e2c745
IP_0ad8a81d4ef3cf0fcce0b6c27e8e0fc6da7dfdbeaa0ef6a9c0de317d6ef08e6a,Domain_a5d99181dd51f33e5c6573caffd520fdf3f7eb4ca6c9ff2d110c7b9ac998e30b,Cert_0cb2b052dd3f397ae032b40717b39f4e1f5adec3015a3744a2c117e5e0e2c745
IP_0ad8a81d4ef3cf0fcce0b6c27e8e0fc6da7dfdbeaa0ef6a9c0de317d6ef08e6a,Domain_1a4987f12cc1ef0fe400f3ca0298540a197fe730c79fe7251ea8d0706551e680,Cert_0cb2b052dd3f397ae032b40717b39f4e1f5adec3015a3744a2c117e5e0e2c745
IP_0ad8a81d4ef3cf0fcce0b6c27e8e0fc6da7dfdbeaa0ef6a9c0de317d6ef08e6a,Domain_27e0248de789f3c4d94a6b7785ace6f8cae10d87ab409855c7486371e352d708,Cert_0cb2b052dd3f397ae032b40717b39f4e1f5adec3015a3744a2c117e5e0e2c745
IP_0ad8a81d4ef3cf0fcce0b6c27e8e0fc6da7dfdbeaa0ef6a9c0de317d6ef08e6a,Domain_020837680ea6818c5f0da3208ed1d906249adb0eb3b4f04591cd7d985ca2083b,Cert_0cb2b052dd3f397ae032b40717b39f4e1f5adec3015a3744a2c117e5e0e2c745
IP_0ad8a81d4ef3cf0fcce0b6c27e8e0fc6da7dfdbeaa0ef6a9c0de317d6ef08e6a,Domain_46c5dc0b77d5ae941a7b053526e1b398c6c43c1e7478dd052c9abc3ad222db15,Cert_0cb2b052dd3f397ae032b40717b39f4e1f5adec3015a3744a2c117e5e0e2c745
IP_0ad8a81d4ef3cf0fcce0b6c27e8e0fc6da7dfdbeaa0ef6a9c0de317d6ef08e6a,Domain_62f7ce32713d4c9434d3fb0d2f877c19e4d7de934b3f9fa1dc5b5479142da40c,Cert_0cb2b052dd3f397ae032b40717b39f4e1f5adec3015a3744a2c117e5e0e2c745
IP_0ad8a81d4ef3cf0fcce0b6c27e8e0fc6da7dfdbeaa0ef6a9c0de317d6ef08e6a,Domain_5adf80197a24565274e495ffd5cb1e7c38aa9c6e6c4b1c104d56531bfe222b5c,Cert_0cb2b052dd3f397ae032b40717b39f4e1f5adec3015a3744a2c117e5e0e2c745
IP_0ad8a81d4ef3cf0fcce0b6c27e8e0fc6da7dfdbeaa0ef6a9c0de317d6ef08e6a,Domain_d275a1bcad496f2c90859282eeb7c2fddaec66a21f76178fbfbf648d93210a90,Cert_0cb2b052dd3f397ae032b40717b39f4e1f5adec3015a3744a2c117e5e0e2c745
IP_0ad8a81d4ef3cf0fcce0b6c27e8e0fc6da7dfdbeaa0ef6a9c0de317d6ef08e6a,Domain_d3e9a3545c313c6e4dfc2df251523a5eaa2c960f356e88068e12920efc2e8464,Cert_0cb2b052dd3f397ae032b40717b39f4e1f5adec3015a3744a2c117e5e0e2c745
IP_0ad8a81d4ef3cf0fcce0b6c27e8e0fc6da7dfdbeaa0ef6a9c0de317d6ef08e6a,Domain_ad0a148cf5bc994e24858275cffc9cab5df7666c426aa450b861f9980928119c,Cert_0cb2b052dd3f397ae032b40717b39f4e1f5adec3015a3744a2c117e5e0e2c745
IP_0ad8a81d4ef3cf0fcce0b6c27e8e0fc6da7dfdbeaa0ef6a9c0de317d6ef08e6a,Domain_6a4789ec61083935c74225b878f9fd21128b5c24e43b3146be8f112c9f0ebbc4,Cert_0cb2b052dd3f397ae032b40717b39f4e1f5adec3015a3744a2c117e5e0e2c745
IP_0ad8a81d4ef3cf0fcce0b6c27e8e0fc6da7dfdbeaa0ef6a9c0de317d6ef08e6a,Domain_7fb2d907c47e7aae6f779b656e404b44b7fb9fa7729d8f16935d6a1afd600c76,Cert_0cb2b052dd3f397ae032b40717b39f4e1f5adec3015a3744a2c117e5e0e2c745
IP_0ad8a81d4ef3cf0fcce0b6c27e8e0fc6da7dfdbeaa0ef6a9c0de317d6ef08e6a,Domain_f6efd4455262f67023045f3de7fa68875d0685611508f13829c82d7cacc2fb81,Cert_0cb2b052dd3f397ae032b40717b39f4e1f5adec3015a3744a2c117e5e0e2c745
IP_0ad8a81d4ef3cf0fcce0b6c27e8e0fc6da7dfdbeaa0ef6a9c0de317d6ef08e6a,Domain_427e84b16fd8a648965433b46441d2fe9279412c47f89b9e39f7b158a9329487,Cert_0cb2b052dd3f397ae032b40717b39f4e1f5adec3015a3744a2c117e5e0e2c745
IP_0ad8a81d4ef3cf0fcce0b6c27e8e0fc6da7dfdbeaa0ef6a9c0de317d6ef08e6a,Domain_3fcc9743f6191db36a3cee65673c4b425ab10879ddb7053680b486e3a273ecc5,Cert_0cb2b052dd3f397ae032b40717b39f4e1f5adec3015a3744a2c117e5e0e2c745
IP_0ad8a81d4ef3cf0fcce0b6c27e8e0fc6da7dfdbeaa0ef6a9c0de317d6ef08e6a,Domain_dbe023ebf22376e4c66d5ccf9b7aebe41a9409d73fabed449707dc9b97dd3011,Cert_0cb2b052dd3f397ae032b40717b39f4e1f5adec3015a3744a2c117e5e0e2c745
IP_0ad8a81d4ef3cf0fcce0b6c27e8e0fc6da7dfdbeaa0ef6a9c0de317d6ef08e6a,Domain_9b079521c99d86012cfedf0c998515eca919210e37efa02fc6f1a3344fceb9b9,
IP_0ad8a81d4ef3cf0fcce0b6c27e8e0fc6da7dfdbeaa0ef6a9c0de317d6ef08e6a,Domain_2861c9c9a8ad39072bb578e853d5e8ebeb37e1fed2de1a7d0a7facac4ebe3d6c,
IP_0ad8a81d4ef3cf0fcce0b6c27e8e0fc6da7dfdbeaa0ef6a9c0de317d6ef08e6a,Domain_a2ff0adc7b39883e3a71114298a61f38fac96ad483e592e90a61e1d65400125d,
Cert_0cb2b052dd3f397ae032b40717b39f4e1f5adec3015a3744a2c117e5e0e2c745,Domain_f4222fc4d8e6c7308561fb58e0e458ea965838f516500f0977b4b9872a5b6647,Domain_9b079521c99d86012cfedf0c998515eca919210e37efa02fc6f1a3344fceb9b9
Cert_0cb2b052dd3f397ae032b40717b39f4e1f5adec3015a3744a2c117e5e0e2c745,Domain_db65a105d277a1c0db85bd1a5cfa23f806d2137a339939721c3082cbdad02402,Domain_9b079521c99d86012cfedf0c998515eca919210e37efa02fc6f1a3344fceb9b9
Cert_0cb2b052dd3f397ae032b40717b39f4e1f5adec3015a3744a2c117e5e0e2c745,Domain_97e3e35158fae36fc37a6d7a757dd7596d87d35ddbe94afb69725e0b6ef7eb59,Domain_2861c9c9a8ad39072bb578e853d5e8ebeb37e1fed2de1a7d0a7facac4ebe3d6c
Cert_0cb2b052dd3f397ae032b40717b39f4e1f5adec3015a3744a2c117e5e0e2c745,Domain_ce0c617e4adc68e709b9cdb1fb0204742c5499f9e81233e638049f168c8a7e14,Domain_2861c9c9a8ad39072bb578e853d5e8ebeb37e1fed2de1a7d0a7facac4ebe3d6c
Cert_0cb2b052dd3f397ae032b40717b39f4e1f5adec3015a3744a2c117e5e0e2c745,Domain_b15bfb6ace20b27a6475d410c38b13fa9c2fd8a11c4d60deb0c6dae26ab6f39c,Domain_2861c9c9a8ad39072bb578e853d5e8ebeb37e1fed2de1a7d0a7facac4ebe3d6c
Cert_0cb2b052dd3f397ae032b40717b39f4e1f5adec3015a3744a2c117e5e0e2c745,Domain_cddfda392cf80e24b58d49965ff2e7a68ac1490f878a40fdef6a417f73fbcb52,Domain_a2ff0adc7b39883e3a71114298a61f38fac96ad483e592e90a61e1d65400125d
Domain_9b079521c99d86012cfedf0c998515eca919210e37efa02fc6f1a3344fceb9b9,Domain_76753e92a209f14e717bcf39aef716f888849d0dd45581cc8028e553dc5431af,Domain_2861c9c9a8ad39072bb578e853d5e8ebeb37e1fed2de1a7d0a7facac4ebe3d6c
Domain_9b079521c99d86012cfedf0c998515eca919210e37efa02fc6f1a3344fceb9b9,IP_0ad8a81d4ef3cf0fcce0b6c27e8e0fc6da7dfdbeaa0ef6a9c0de317d6ef08e6a,Domain_2861c9c9a8ad39072bb578e853d5e8ebeb37e1fed2de1a7d0a7facac4ebe3d6c
Domain_9b079521c99d86012cfedf0c998515eca919210e37efa02fc6f1a3344fceb9b9,Whois_Name_01111acc9f8e83ed9cd066c1d0fbf8cf7e098bba5f745f3d4f1c3a02e435ac41,Domain_2861c9c9a8ad39072bb578e853d5e8ebeb37e1fed2de1a7d0a7facac4ebe3d6c
Domain_9b079521c99d86012cfedf0c998515eca919210e37efa02fc6f1a3344fceb9b9,Whois_Name_1d692cb5d6e6a32ea7086fc3cf741456a9841a4ed793bf30bbcd24030c342f48,Domain_2861c9c9a8ad39072bb578e853d5e8ebeb37e1fed2de1a7d0a7facac4ebe3d6c
Domain_9b079521c99d86012cfedf0c998515eca919210e37efa02fc6f1a3344fceb9b9,Whois_Name_6540113d17d5e231fa00c6950694d6f70ca24d8e636420c48efc88e261837bdf,Domain_2861c9c9a8ad39072bb578e853d5e8ebeb37e1fed2de1a7d0a7facac4ebe3d6c
Domain_9b079521c99d86012cfedf0c998515eca919210e37efa02fc6f1a3344fceb9b9,Whois_Name_2dfa0ed03d5171aca8dd0b49c5e280c80a099eaee956f9fbc499b8a04969b1a4,Domain_2861c9c9a8ad39072bb578e853d5e8ebeb37e1fed2de1a7d0a7facac4ebe3d6c
Domain_9b079521c99d86012cfedf0c998515eca919210e37efa02fc6f1a3344fceb9b9,Whois_Name_f52bade5450fa6783f3808a52c12a572786a9f393e2a0a0649da7455500a8790,Domain_2861c9c9a8ad39072bb578e853d5e8ebeb37e1fed2de1a7d0a7facac4ebe3d6c
Domain_9b079521c99d86012cfedf0c998515eca919210e37efa02fc6f1a3344fceb9b9,Whois_Name_8138d78cf77404031b2ee54f1622f5af7f40e9e51829c41f8fefee42cb650172,Domain_2861c9c9a8ad39072bb578e853d5e8ebeb37e1fed2de1a7d0a7facac4ebe3d6c
Domain_9b079521c99d86012cfedf0c998515eca919210e37efa02fc6f1a3344fceb9b9,IP_0ad8a81d4ef3cf0fcce0b6c27e8e0fc6da7dfdbeaa0ef6a9c0de317d6ef08e6a,Domain_a2ff0adc7b39883e3a71114298a61f38fac96ad483e592e90a61e1d65400125d
Domain_9b079521c99d86012cfedf0c998515eca919210e37efa02fc6f1a3344fceb9b9,Whois_Name_01111acc9f8e83ed9cd066c1d0fbf8cf7e098bba5f745f3d4f1c3a02e435ac41,Domain_a2ff0adc7b39883e3a71114298a61f38fac96ad483e592e90a61e1d65400125d
Domain_9b079521c99d86012cfedf0c998515eca919210e37efa02fc6f1a3344fceb9b9,Whois_Name_1d692cb5d6e6a32ea7086fc3cf741456a9841a4ed793bf30bbcd24030c342f48,Domain_a2ff0adc7b39883e3a71114298a61f38fac96ad483e592e90a61e1d65400125d
Domain_9b079521c99d86012cfedf0c998515eca919210e37efa02fc6f1a3344fceb9b9,Whois_Name_6540113d17d5e231fa00c6950694d6f70ca24d8e636420c48efc88e261837bdf,Domain_a2ff0adc7b39883e3a71114298a61f38fac96ad483e592e90a61e1d65400125d
Domain_9b079521c99d86012cfedf0c998515eca919210e37efa02fc6f1a3344fceb9b9,Whois_Name_2dfa0ed03d5171aca8dd0b49c5e280c80a099eaee956f9fbc499b8a04969b1a4,Domain_a2ff0adc7b39883e3a71114298a61f38fac96ad483e592e90a61e1d65400125d
Domain_9b079521c99d86012cfedf0c998515eca919210e37efa02fc6f1a3344fceb9b9,Whois_Name_f52bade5450fa6783f3808a52c12a572786a9f393e2a0a0649da7455500a8790,Domain_a2ff0adc7b39883e3a71114298a61f38fac96ad483e592e90a61e1d65400125d
Domain_9b079521c99d86012cfedf0c998515eca919210e37efa02fc6f1a3344fceb9b9,Whois_Name_8138d78cf77404031b2ee54f1622f5af7f40e9e51829c41f8fefee42cb650172,Domain_a2ff0adc7b39883e3a71114298a61f38fac96ad483e592e90a61e1d65400125d
Domain_2861c9c9a8ad39072bb578e853d5e8ebeb37e1fed2de1a7d0a7facac4ebe3d6c,IP_0ad8a81d4ef3cf0fcce0b6c27e8e0fc6da7dfdbeaa0ef6a9c0de317d6ef08e6a,Domain_a2ff0adc7b39883e3a71114298a61f38fac96ad483e592e90a61e1d65400125d
Domain_2861c9c9a8ad39072bb578e853d5e8ebeb37e1fed2de1a7d0a7facac4ebe3d6c,Whois_Name_01111acc9f8e83ed9cd066c1d0fbf8cf7e098bba5f745f3d4f1c3a02e435ac41,Domain_a2ff0adc7b39883e3a71114298a61f38fac96ad483e592e90a61e1d65400125d
Domain_2861c9c9a8ad39072bb578e853d5e8ebeb37e1fed2de1a7d0a7facac4ebe3d6c,Whois_Name_1d692cb5d6e6a32ea7086fc3cf741456a9841a4ed793bf30bbcd24030c342f48,Domain_a2ff0adc7b39883e3a71114298a61f38fac96ad483e592e90a61e1d65400125d
Domain_2861c9c9a8ad39072bb578e853d5e8ebeb37e1fed2de1a7d0a7facac4ebe3d6c,Whois_Name_6540113d17d5e231fa00c6950694d6f70ca24d8e636420c48efc88e261837bdf,Domain_a2ff0adc7b39883e3a71114298a61f38fac96ad483e592e90a61e1d65400125d
Domain_2861c9c9a8ad39072bb578e853d5e8ebeb37e1fed2de1a7d0a7facac4ebe3d6c,Whois_Name_2dfa0ed03d5171aca8dd0b49c5e280c80a099eaee956f9fbc499b8a04969b1a4,Domain_a2ff0adc7b39883e3a71114298a61f38fac96ad483e592e90a61e1d65400125d
Domain_2861c9c9a8ad39072bb578e853d5e8ebeb37e1fed2de1a7d0a7facac4ebe3d6c,Whois_Name_f52bade5450fa6783f3808a52c12a572786a9f393e2a0a0649da7455500a8790,Domain_a2ff0adc7b39883e3a71114298a61f38fac96ad483e592e90a61e1d65400125d
Domain_2861c9c9a8ad39072bb578e853d5e8ebeb37e1fed2de1a7d0a7facac4ebe3d6c,Whois_Name_8138d78cf77404031b2ee54f1622f5af7f40e9e51829c41f8fefee42cb650172,Domain_a2ff0adc7b39883e3a71114298a61f38fac96ad483e592e90a61e1d65400125d
