id,name,type,industry,isCenter
IP_b46318563c7ba173038f2163ad4ab860d546996fc2401e666ba45fc506cbc6e4,47.74.xxx.xxx,IP,[],0
Domain_23e6311fe77063dbb5f7b02f6e42efedefc0f0cce281a410b16083d8e368a471,23e6311fe7.com,Domain,[],0
Cert_d43c3253e096416f183ce4d8421d0985d497e0fb0030f1b29ffff975aabd7db7,d43c3253e0,Cert,[],0
Domain_bc94e016c225db599b1c5604b2f8f08c1e930e3f2144d19dd0c350afdb0ee540,bc94e016c2.com,Domain,['I'],1
Domain_45316c392d981f3c9ce01f34185414a2e390ff5355a868cfc2210288cb19b130,45316c392d.com,Domain,[],1
Domain_add5f0891cf7034731370d5eac5992d50b4e0b496382a6e8a177932f4839ec55,add5f0891c.com,Domain,[],0
Whois_Name_43aeeb5e70546ff1f1c03b59b77d92501cfa8506b0cd7ab26ee611f38c7a0bf0,Shxxxxxin,Whois_Name,[],0
Whois_Email_9838b01e82b94d43a91d85006e302333bd3cffde49c6d492d1056ab3add43170,liuxixxxxx@xxx.xxx,Whois_Email,[],0
Whois_Phone_d62787de0eaf541a433fc0eb0d459f4d9c58533413693804a43b3ed900ec8080,+86.138xxxxx,Whois_Phone,[],0
ASN_d23d7b6560877ae90a2432f9018aa316c12bbae758102e8c5ce07e0fa0772436,AS_d23d7b6560,ASN,[],0
ASN_5813967cbc4f89c83845644e368e6e0ac98f9312d6c51165c0e77b3a72fb75ba,AS_5813967cbc,ASN,[],0
IP_3c803a4f17398a68988e369cf55d490d2866b2398fba1c8265c069f7a5a8ce2a,47.75.xxx.xxx,IP,[],0
Domain_8fa3cca3afda01abc25100119653634f4f44a0f9eb97830c029510034a5a7638,8fa3cca3af.com,Domain,['I'],0
Domain_103c0d45eaf191000dd0cb99e03d627b5ad453c4cede965c0794d4078f595c99,103c0d45ea.com,Domain,[],0
Domain_a69eec193251297913b21622d49e063fc3a8d592f03f71a00490aaa06783c8f7,a69eec1932.com,Domain,[],0
Domain_d7b9b335c4b22e25bd9b7ec89330240a955234edaada5e2a9431c679034409fd,d7b9b335c4.com,Domain,[],0
IP_CIDR_e8f53b462c701440f57f2bd8a65364793c1a74b2ef40c08b357f640146004316,47.75.xxx.0/24,IP_C,[],0
Domain_900eb5cff66679cb964165406ca6429a7d7340879db5b04b6b9869d60e57aaa6,900eb5cff6.com,Domain,['I'],0
Domain_e2fa53bbcdd6df4609455ee62984ea83df33422cd99d86410a65e6b3521f8abc,e2fa53bbcd.com,Domain,[],0
Domain_7d16456aa501807353bd4e23c8a53d7088cf8923473ef383d46c31dc909c1d93,7d16456aa5.com,Domain,[],0
Domain_7544eb20af6827fb920f0d88e51432f704e4e70cd4236bf08198ddf8af4da982,7544eb20af.com,Domain,['I'],0
Whois_Name_ad09b2f169990a2015db44b113a2058affdb51ec937bc99e17df0aa21fbc5800,谢xxxxx军,Whois_Name,[],1
Domain_9724c19868a76b0afce40fcdf00a775c5ec262477a9ff0dfebff73c79968ade1,9724c19868.com,Domain,['I'],0
Whois_Email_2e5c791621466c0a6459cc6893db7a727940a30266b6b961378af5a7e86864eb,mrsanxxxxx@xxx.xxx,Whois_Email,[],0
Domain_101772c462bfb65d0498e18061389ae3145bf5dcc1f10512e17a0e8914be9830,101772c462.com,Domain,['I'],0
Domain_e1066d329e1c68c6e74b746d8e25519ba3b64885b34b544791d1ad3901555e36,e1066d329e.com,Domain,[],0
Domain_14e9df8b454badb261b58ce1bc01fda3564dab66a63f1e5d851e2cf0f6f88729,14e9df8b45.com,Domain,[],0
Domain_36a6965674b44d4eeb1683ab607a5f6734ce4917a723ee91ff47b9eedeac8374,36a6965674.com,Domain,['I'],0
Domain_bddaa0c87af0671e639741c19f1bc245fd367b5acf1a39c4020b5aeba99cdb21,bddaa0c87a.com,Domain,['I'],0
Domain_baecb10aa251d96cf875b2638055cb002f90de9912684d6217b5c6e738457a88,baecb10aa2.com,Domain,['I'],0
Domain_0a70bf897ae717d67ef5ec34b98f158a48afbf57183861e0b0199e0f77486327,0a70bf897a.com,Domain,['I'],0
Domain_88e51469e2272f5a55424738780c53c263adc65e19a8ba98e9e305131de7c02d,88e51469e2.com,Domain,['I'],0
Domain_e80994d473a915fc6ff4dd6f967b3538cf043999aa919b8ff61cb4032ea0133e,e80994d473.com,Domain,['I'],0
Domain_dbe0b14ff71bfd41f5c7bf54479c9e2e1124a9d01fa317ab7c56d16e3780c0f4,dbe0b14ff7.com,Domain,[],0
Domain_a03754f209a6051407f83384091766e0d1cbbff37653cf4add96ab1b6bcef716,a03754f209.com,Domain,['I'],0
Domain_382f6bd8d07ab0d0ca8932c9324cf31761b7a363777350780f45ce3b178ddbc5,382f6bd8d0.com,Domain,['I'],0
Domain_b728768ffa81828442b2c0125dc6a735c226b9469bda338f328206b5fdbd0bd5,b728768ffa.com,Domain,[],0
Domain_618d5263bc4f136a677131626058b1878192630457afb48d82fc900cb1a844be,618d5263bc.com,Domain,[],0
Domain_96a5983e5f4eb7d124cf9e066229fc2c5031e79069f118cae7ac6d882bf8f199,96a5983e5f.com,Domain,['I'],0
Domain_90cc71fec3fe70e70c1c5728001eeefd560ae48d1ae13c2abb6bb44a2b16f864,90cc71fec3.com,Domain,['I'],0
Domain_5fe046dc2cc28d8750f3cc9881daaad07e4ae155fe85de8c10ac0187f3242c6d,5fe046dc2c.com,Domain,['I'],0
Domain_7540421fb89f639a8c1fe90dd02339ddab0df298f5299dbf47a0392b86944632,7540421fb8.com,Domain,['I'],0
Domain_6d2643f2874e3ac8aa3759fd290119bd8e83d69dfda716e37eb365e7f05722f2,6d2643f287.com,Domain,['I'],0
Domain_f92835be30847aa4d8ba58b3afdfde969f1991fca42b242106af7f3cdf60bc37,f92835be30.com,Domain,['I'],0
Domain_b92e57ee5a76e12a3263ef99323cf43274a3bb4b3251dbb02f068aaa69998ac3,b92e57ee5a.com,Domain,['I'],0
Domain_3cb312739d451e8af566924d766eb0bb8c26dafd545233cdc3354e54a650d33f,3cb312739d.com,Domain,['I'],0
Domain_d0fb53ae3ad05c12debf0772cb95f85d07ae0afe4a1f3cf119605b24ccde0c39,d0fb53ae3a.com,Domain,['I'],0
Domain_5f46513818eec94141a77e9b6ce566f225ff84b3dd5f85b5b9f4ca8282a5eeae,5f46513818.com,Domain,['I'],0
Domain_7e14448c43d3240dad58370c708a9241088e9ad12a2ce3ed873c1e1a18a485f0,7e14448c43.com,Domain,['I'],0
Domain_0f6e97cfd6e8bca18c15606361a9e2a5d7c9c9e84886cd51ccbd3e9877fb2c1a,0f6e97cfd6.com,Domain,['I'],0
Domain_60d18cee2612f47d8af6aaa80b30e45f49e63d70dba9f43a3c7e1ec1a405ae89,60d18cee26.com,Domain,['I'],0
Domain_90a1eb76815dfee5c82f04a196b0f7370df993e507912c675db2a09ffb4c6ce7,90a1eb7681.com,Domain,['I'],0
Domain_cf84d300f0acb5d43fbcbe3b06d21a70a08a5247ccbc3c0daf382ba3163ea46a,cf84d300f0.com,Domain,[],0
Domain_aaf82798dc8c4147d308d0dca17b1e71def6cb56abe19e7b2f793db83d59a2bb,aaf82798dc.com,Domain,['I'],0
Domain_472907fc7308e25bcd05e73d46133b4f12f8d02cbb2261fc8cd6bffd0725744d,472907fc73.com,Domain,['I'],0
Domain_886c0652fdc6761b2ebafcdee015d160f48c057febf23efd15e11a1ade7eb255,886c0652fd.com,Domain,['I'],0
Domain_a012138967d2035fee9984a28d414faaf5768ee938f84f755b02f7d6dcdf12bb,a012138967.com,Domain,['I'],0
Domain_916f2572cead1a3111f96d67022b0ff6ff92a0ca8b2558ae6c2d90abcb20f69c,916f2572ce.com,Domain,['I'],0
Domain_c7702cbd6423282dc280c384a11295cf565e8f8ac37f017a1af2f41f42d630ff,c7702cbd64.com,Domain,['I'],0
Domain_c63f6e2e2878a04fc8616e14d2a8c4c71b17f11b5afd52ede7d001bbec1c343f,c63f6e2e28.com,Domain,['I'],0
Domain_aa0c8c22e5bff987d76a336f5cf1fad0716f8f3ccd07ce6cb4eb7f157dbc9581,aa0c8c22e5.com,Domain,['I'],0
Domain_184480b94eb86437629f85cca14e6416fd6300881b07f3d68ecb443b02d70fe0,184480b94e.com,Domain,['I'],0
Domain_b74efcd8850294da050d712f91570df1734c26f530d5aef7943450b9f14ec987,b74efcd885.com,Domain,['I'],0
Domain_3373c8f0c7773e6929cc9f734afdc545c70e6f77cfac5ed34c74ef5ea299ac78,3373c8f0c7.com,Domain,['I'],0
Domain_d09449a67b4035c042ba6db8a11a95997970f1a37c7eb80d863116f41c59b6ae,d09449a67b.com,Domain,['I'],0
Domain_d2e360bae99f602a36b5e75c1602bd2436136e5635238e73fb29a1caa7806744,d2e360bae9.com,Domain,['I'],0
Domain_de9db32f3e5847e20c1a066f54e815aae745f69be11bd60d275f5ef9d2ff5177,de9db32f3e.com,Domain,['I'],0
Domain_104235cccc7b2a72e223dc7d456028cfb98ac5789c8f57d4cd38642b78247b68,104235cccc.com,Domain,['I'],0
Domain_846ba6e961976f703b9d96e0c1ae4fb238a3962f1563140feecef1e495f82fe2,846ba6e961.com,Domain,['I'],0
Domain_9f28e34459a2edde1ce6ae2807080b544d96fd381ebaac8df5d44288dcf60bcc,9f28e34459.com,Domain,['I'],0
Domain_61a276e5f13df2694e7e4a8fdc77fbaa652d7151a3b9f866d98f25bd1920c239,61a276e5f1.com,Domain,['I'],0
Domain_7a78a948ab2ae6ed931193a35fb08bb64c0d77347d2c3592312ec1da89458bf9,7a78a948ab.com,Domain,[],0
Domain_c72db250a92c29e23ef5844825d5f81cb8c93a287b8053727ce9ef4ca4db5fad,c72db250a9.com,Domain,['A'],0
IP_af63fd3c2f820cffd70920f9437f50b2a9685dee333c5532a618c633ed29070a,203.107.xxx.xxx,IP,[],1
Domain_77c55d82aa195082753eaa7ae5bbb9f33f9225806640f6e4216e2d9a2a477674,77c55d82aa.com,Domain,[],0
Domain_d9da7486327a4208ffef13ac327e6433290eb499cf2d89f8a001cd9e0c959bb8,d9da748632.com,Domain,[],0
Domain_075a2971bf6ae2167115e04c771633d8325fb91bb45bfa553b5ff9ce864bb5fb,075a2971bf.com,Domain,[],0
Domain_109881b905d0ab63b2972be3219a304077178dbea3c851a5f800cbc2236ffcd1,109881b905.com,Domain,[],0
Domain_4b1d2bd41a4ab24224f3958b2d817e79b69a2c3c0ad720cbc2e6d237bfb8d99f,4b1d2bd41a.com,Domain,[],0
Domain_cdd985367faae1ad12552f3b4545a889b689bdd2beb856e1f59de92308022fd9,cdd985367f.com,Domain,['A'],0
Whois_Name_7200ca0ff97f45b58f8b6c3d73b8b3662b2aff530377b940844c1154bfd0e743,李xxxxx贝,Whois_Name,[],0
Whois_Email_9c41935a1b35f3bf1347ad1d9728347de6db853d376dc616b4e3edffacccd095,laoyaxxxxx@xxx.xxx,Whois_Email,[],0
Whois_Name_d63bb8745b45322a47ed442d95419958ef6edef68df3328d33ddc1cc5d9ed9be,梅州市xxxxx甜品店,Whois_Name,[],0
Whois_Name_36af66f351ace16a137e5344d8f28b2409d3ba39eeb305c21ea5b85b0b4f6a31,陈xxxxx鸿,Whois_Name,[],0
Whois_Email_be1b9bbbce62d5f147480c34c5d3d035f8c65f639cb88d9e80ac0881a5603557,17901xxxxx@xxx.xxx,Whois_Email,[],0
Whois_Name_416d87967d8c9d157d44bbc98da2ee354b1e2e7fc74817396647b022cf537292,亓xxxxx龙,Whois_Name,[],0
Whois_Name_2d268c1519db16fc9bfea2a85a70c4861227eccac16351d3068cfee5abd07604,韦xxxxx钎,Whois_Name,[],0
Whois_Email_0b626673469a655d5f41942bb69ff06fa06242731979ed7af1ab39849457681c,27152xxxxx@xxx.xxx,Whois_Email,[],0
Whois_Name_bd2e4ce37836620b5b7f8ddd2fc6277961300152a4e6042022a53260b5da7d7d,张xxxxx伟,Whois_Name,[],0
Whois_Email_ce87d78ec3ea55b77945dfcda7d87c528b6e4e33a9bd540a2f82cd34258520e9,35061xxxxx@xxx.xxx,Whois_Email,[],0
Domain_6e407955b519e0053c6ff03b85f9b2ee11b3e53ba5ac745305484de363c1ea0b,6e407955b5.com,Domain,[],0
Domain_d90d147e0390263c54e20628dd2086d7cda7dfabcfd9813f11a1253a426f3625,d90d147e03.com,Domain,[],0
Whois_Name_5d5ed854a8b5f70c528c1e8a4a8ed8d0dcd5d94771d6ebe348ebf596dabda88f,朱xxxxx春,Whois_Name,[],0
Whois_Name_7de72465e5ed9abeb4bf9bc6903037ab9e0ce07533156968871cc2c0e67490f2,刘xxxxx凯,Whois_Name,[],0
Domain_f0ad6e629b30dc259b7ab97738fd667386a979a7b07f62dfdfe672c757b8d344,f0ad6e629b.com,Domain,[],0
Whois_Name_dfdc5444e5c506473e2c6b94d4a15cbf81e6ab053a057de31ecbe38f1370b732,周xxxxx胜,Whois_Name,[],0
Domain_9725f785bcf56d86b5ab1386306e7b6a7cb1160ded0230d99e7ca4e0437a57ee,9725f785bc.com,Domain,[],0
Whois_Name_97d5d37af78277d604e7f812e57dd8900d87d9998691769e40d033c3a89fe2d7,邓xxxxx扬,Whois_Name,[],0
Whois_Email_a7d27a03ba1a2ea1203a3961b3f5427a11a16cab0444eed7ac4ce2937e07dad7,33498xxxxx@xxx.xxx,Whois_Email,[],0
Domain_94b2213ccbe8fc91fc14aca610012383977ee32875db32818e6fcf6027180a7a,94b2213ccb.com,Domain,['A'],0
Whois_Name_f731ce5df9fa5b847ba5141c2fee1c37cb237bc120f2fab12db49af6b3d8242c,裴xxxxx艳,Whois_Name,[],0
Domain_d497f606348f67bc7af364106214d65040c8677849b5806c92c163d100477ab2,d497f60634.com,Domain,[],0
Domain_68f29f614d49508ef737c696226ff2210383947fbf2005d358b8105e0d089307,68f29f614d.com,Domain,[],0
Domain_eb17cda9c5123f072aadee0099c024f2949e6916dac7f701e0243456dbc4cdd8,eb17cda9c5.com,Domain,[],0
Domain_0242bdeec22f012458f2176700579184c72f38339070e6176a898a58d6205917,0242bdeec2.com,Domain,[],0
IP_CIDR_1544af87b6ced6438534557a3abb908f7386a23419ad45deb5a756352de08f44,203.107.xxx.0/24,IP_C,[],0
Domain_db6bb60e20e10704992d022744648971535fc54e2da5651007237c12db529bc8,db6bb60e20.com,Domain,[],0
Domain_02af06858d19e967fa72108ad153ab34db631de1a6375900af432cac974a1dcd,02af06858d.com,Domain,[],0
Domain_febd48e5cc3f232d4a70d6c373c840466f305614f0e34dea8056089499cfa8f6,febd48e5cc.com,Domain,['G'],0
Domain_b09132379b0cff23034abf7d14bac74df8359ab547d8b37df5d8038b16879444,b09132379b.com,Domain,[],0
Domain_cd5bd01f763f885c4f91341b667bbd70448468fb03b694f84c1b5b5ee8c3b5f0,cd5bd01f76.com,Domain,[],0
Domain_9061ea8c50e737f44e3161db55fe2631dcf141954cc81d9cbd42fd757d9ab238,9061ea8c50.com,Domain,[],0
Domain_fcd248612adf16340116de6821c600da1c712393a13c9250e5f50a0cf8fa6ec1,fcd248612a.com,Domain,[],0
Domain_9b7b650b5360552c3062cba20e4a88bcdbe6f6a1bb8419d138514aef090f1eb5,9b7b650b53.com,Domain,[],0
Domain_1870be1d1f88a652a19152fd4b12f209ace6a4958f9af634cddd25d39fa9ba1c,1870be1d1f.com,Domain,[],0
Domain_60c81a2adc7e988e136fd3b8c3c61045a3880030b563e5c9a0f4aa6e9f8abd26,60c81a2adc.com,Domain,[],0
Domain_51500dbc18bd7f5a132e813d76d9fe9461fb6bca6b2fc2f569e78da0829c7329,51500dbc18.com,Domain,[],0
Domain_44cabbc361deb77ee95442784b83e0339f81fc08f521fa8d595292a1ebcc63d0,44cabbc361.com,Domain,[],0
Domain_0f7b526b960689facf37b2d9e79c93cc1342fec10d1a8a5a142a31e4201420d3,0f7b526b96.com,Domain,[],0
Domain_839e5a2fe150061262103eeba0d33768a82079c21cf42c2eda47c47c5a2025cf,839e5a2fe1.com,Domain,[],0
Domain_248a14f20ef2b97bd12d51944fe8e26d0568d51cd51ad12504a60588da8f1acb,248a14f20e.com,Domain,[],0
Domain_815c39a21a36755b4b86265e2a37d6af4f89adf3b8c09913e0ff80ed761ba394,815c39a21a.com,Domain,[],0
Domain_6537069e08c018bebb36c8fcad02ff4f6063a471cdc45bedbbc51a3046708c63,6537069e08.com,Domain,[],0
Domain_c582202c9253f16c332c65001272481f0089ebf958d177f09f7bac3c71f089cc,c582202c92.com,Domain,[],0
Domain_fc3d0eabebf8c7a255ad6ae95c7db89820b31e623540918ea2379cca13d32589,fc3d0eabeb.com,Domain,[],0
Domain_23a35af1e9f365b4d6d757486c88607f998241186da3e58af03108d3d9aca015,23a35af1e9.com,Domain,[],0
Domain_4236c0fb0c8724e0264b038a92fe1d9b2baf6a85b6061af0dc495ca144fa7f5f,4236c0fb0c.com,Domain,[],0
Domain_65b24019f91a8448c08b166d5a930c8afd749287768581a0dd1c49215931856c,65b24019f9.com,Domain,[],0
Domain_483f5b0df5a826627994c8052d85a19019e86e6760eb6d3026a1f137d921b48d,483f5b0df5.com,Domain,[],0
Domain_704b033f5802e0a22894dbb871e14c8f85b00ce0484af0dc62c7a18a659ba5c7,704b033f58.com,Domain,[],0
Domain_5f5a58afcb35d1ad1d5ee3f60f36cdba9237a83b2203aef56118f0d1b005eaf1,5f5a58afcb.com,Domain,[],0
Domain_9fca1b0033198632cf696b762c883c576271a69197513d885efbd0e84815f096,9fca1b0033.com,Domain,[],0
Domain_5a8c1873aa7379dcad9dcdd5c9f80c2620bbbc207009ffedfde0df7137effd45,5a8c1873aa.com,Domain,[],0
Domain_c6d2d891a09f3c9ea5388b88fe3704910f610d91a3807aad22958b39adef1c82,c6d2d891a0.com,Domain,[],0
Domain_ee5df1a6b0bcd021a8ea33050d16c86f5e8cfe6a149c9cfa63f0c0a0a485ed22,ee5df1a6b0.com,Domain,[],0
Domain_3c7420c7413cecb2b63966eea91890b44c74de53f9c26c7fed24c19f5da3b40c,3c7420c741.com,Domain,[],0
Domain_89d0fbd549c62eabb0719a28b25b4a55e2fce68a0df25cc3782767aa1751fb99,89d0fbd549.com,Domain,[],0
Domain_ca016c4122a0097102541cdbea8cf20ad4598fabb9e94040c80d3a880744f91e,ca016c4122.com,Domain,[],0
Domain_ec158984f1f93d5a9fd799a0769bdf1977d1cff7df80444e3ddb4072a7f12cae,ec158984f1.com,Domain,[],0
Domain_26c3abebb2384c967e36abcbbc195a2059231f4b4b207563e6ac0a579ea939a7,26c3abebb2.com,Domain,[],0
Domain_3a216a724be9a451d21717bd82a4c20f800de27d00c0fd34165c5a3c307c47f7,3a216a724b.com,Domain,[],0
Domain_d9789c70846f7a0bad108b1bdcf4e6a455755eae6aa571643ceabd4413f1c111,d9789c7084.com,Domain,[],0
Domain_de4d0c8b879590f0119e744bbb917e21226620b499729df2a855d1bc78661fd2,de4d0c8b87.com,Domain,[],0
Domain_3f7bceae7e90ef7a35be5f65a6e3005667faa075872bace2e94ca9313b5e1e69,3f7bceae7e.com,Domain,[],0
Domain_8a126d5a6e81fb3b859e15d5637ba98ae879c4df87a8f168953742961b6aa1d1,8a126d5a6e.com,Domain,[],0
Domain_5ba79158326ce27d72ebc092511b6802f853c50f139b3c57ca083c08da3a9d4a,5ba7915832.com,Domain,[],0
Domain_df5657a6646e09c36f763e5f8b2bdbf84511b7317d559d97bb326ba797307d86,df5657a664.com,Domain,[],0
Domain_6ac3eef41d877cc02c8a583867b149c7f7d42f304b38103b517658ddc7cf44a6,6ac3eef41d.com,Domain,[],0
Domain_0ac22d092feefe60645cb29b668a9090f444868232cce66bbc73ecefbcc01e58,0ac22d092f.com,Domain,[],0
Domain_d750f3746e36deb2f867fa571237ce34c534ed953055fc0d5d8a71b5679c75c5,d750f3746e.com,Domain,[],0
Domain_fff76894b068850eea5d7926bb0f8f0330dbaad56500682a22d4a6670053ab65,fff76894b0.com,Domain,[],0
Domain_8a6f9bae8d0bf7607947b97e00949016fbda129539bec913672ba20d67ecb72c,8a6f9bae8d.com,Domain,[],0
Domain_2ec123ddaa743c724ca6a9a1bde42a2dff78da8cccabdc7be2f3162025198f94,2ec123ddaa.com,Domain,[],0
Domain_e36f881ccc863e1164ba4f96363734a354be010075b08f089ae46d6ef83a56e5,e36f881ccc.com,Domain,[],0
Domain_f3b0141640f1f051cf0c29387ca6e82df1e80af4f0af9f29baf429deead91e2a,f3b0141640.com,Domain,[],0
Domain_ba4f46ed6778f7ba9788d5788554bf8cf2245fccdd885ef300234327f72e535e,ba4f46ed67.com,Domain,[],0
Domain_fd65898d430e94c76b56e7dd67b6be224141be8ccda293a44929c52bd8cceab6,fd65898d43.com,Domain,[],0
Domain_8ef25346514d9732d4d55e4a33e1ec14e9e9ad45bb05dbeff34d948233f91dfa,8ef2534651.com,Domain,[],0
Domain_5b41e6f3c09991923fe0a7c06d0b9ddc71c3f29e01feda885340f792dff2efc9,5b41e6f3c0.com,Domain,[],0
Domain_1252e755a4b3463080b3d5c13251c12e81c6eb5b6a6c9a88256b02acdd20d2c0,1252e755a4.com,Domain,[],0
Domain_cea39e82f8352170ee6e1d1d05ab8d2b31ab62d218bf0ed86ee8ac991351b9de,cea39e82f8.com,Domain,[],0
Domain_6b094debbaf0ff6c04aa59080e321f77b3ec50146d8fa18bce6312f6c9a726d5,6b094debba.com,Domain,[],0
Domain_dc10774131a6c3cdfda1096d834adc3f6cda450afb851507df7e95e35f086a09,dc10774131.com,Domain,[],0
Domain_c786bfa353a53b1f6c72a0fe74e4bdd25c7e817a6c4714a746f6967167c14cad,c786bfa353.com,Domain,[],0
Domain_ce077c84f79cbd3be2af6f98101edb678f492f3215904b4cc2106f2ac306cd1e,ce077c84f7.com,Domain,[],0
Domain_55b66397e3336657c32ded2c24397d88168c5f440d9b2d2f6b01dbe964d7afbb,55b66397e3.com,Domain,[],0
Domain_f1630410de80a36c92517a7e32bcf0c73da1f851a22bce266088dcee2138f73d,f1630410de.com,Domain,[],0
Domain_33639ed6337b461c320ff0fb5f77d32ba2d4ab02d49748b42ebb7c385e6f5575,33639ed633.com,Domain,[],0
Domain_e06f201ed491ee48b84835f63c6dd063168d5b51609abcc0f93f23b3e1237961,e06f201ed4.com,Domain,[],0
Domain_c67bce4d9d196f25b78743f88a11212f7dae9dc86c1624bc8de5733f699ce5a5,c67bce4d9d.com,Domain,[],0
Domain_7486e67241d31dae12630f14ec5dcf82193188cd120386f50b26f4b9b1c38ecc,7486e67241.com,Domain,[],0
Domain_13347f0c5108d27cb29e86ae30b8ffdaddde6850000054ecf4496db1b6a5b9f6,13347f0c51.com,Domain,[],0
Domain_a572da22d3a0d586bdf80f334843404e5b9d5b6062b02f0a1ce595856cef77ec,a572da22d3.com,Domain,[],0
Domain_62dcfae1ffd72a1058479a0e58b4a0037fd0f05b1122e9d8e7d9f6f8a4a64041,62dcfae1ff.com,Domain,[],0
Domain_e0054ee7dbe65bbf81a15a9f27272322fbadb21331bd6880edba75ff791f3e40,e0054ee7db.com,Domain,[],0
Domain_326f8e5a83c14bfcd4ad0421c0ec35d4a4e4d4772b82f76d943a354e67551d87,326f8e5a83.com,Domain,[],0
Domain_18d538975ea9b67a8be4500299512a9fb26cbce3aca38a28083a288b37983ea1,18d538975e.com,Domain,[],0
Domain_c3bbe62f4efa32986e8b4f2c695fc8a00a9e253e3a5b662f4a2cb97debe57f71,c3bbe62f4e.com,Domain,[],0
Domain_088596de87c86c520236dfa4a038df685f990905fc3332b52fecb72995a5c74f,088596de87.com,Domain,[],0
Domain_a9ea33b0905b18db2b02f581f71c5f841429b796d4842311678b8c56fb96f5a5,a9ea33b090.com,Domain,[],0
Domain_49b8254e1eafbdcacf64ec14784ec85237d0666a38e972fcbc8c39f85ad67ac0,49b8254e1e.com,Domain,[],0
Domain_502cebf9532d6e7387d929a230798516217c26fff98628e8c5b96e8378cd3142,502cebf953.com,Domain,[],0
Domain_4ded0bc7b4a8b10909ab19f6912445c20d2c0e890fee9e1d3aec428938a3dbd9,4ded0bc7b4.com,Domain,[],0
Domain_934cafbd953c2b7b4fcfbbdbff5cb965dfa932dfd1a8a72fd97fc89e4bf0417e,934cafbd95.com,Domain,[],0
Domain_4dda4e0d6ca00f936376da5eefe2c4f3d2c5fa339cee25602352f6f85023c5f7,4dda4e0d6c.com,Domain,[],0
Domain_c6fe28bb93bed428db72e9473d5c17cd536cd25fda4021f68646ce6eba5b641d,c6fe28bb93.com,Domain,[],0
Domain_76d879188b2534888e35fb519c5062f1aece5837b7c4f63d699d792ce0cb9a49,76d879188b.com,Domain,[],0
Domain_2c91a8944f999f91e58613fb31ac0fed253c9beec652e352b54fcfdb9fb1c7d8,2c91a8944f.com,Domain,[],0
Domain_15d2931f1dd3deafbe9c1db9664fcb5c719ef766a1d024fc7e3a3f76d5a94e2d,15d2931f1d.com,Domain,[],0
Domain_b7594d0a6343263986c5181ff12df07c06628cb5c3216b9fe8df4dc402bae6fb,b7594d0a63.com,Domain,[],0
Domain_51536adacd52026ff70dfd326b17911d203d193b477ae140bbfec2d80efb5dda,51536adacd.com,Domain,[],0
Domain_e450cf15b383f4e3576646be138f475f9cd980fc59bed4cfcd97b4d397c02ca4,e450cf15b3.com,Domain,[],0
Domain_8f698eb61972be65344ecf9238721558a9b13aec9992cfddb194d69d9e468d7b,8f698eb619.com,Domain,[],0
Domain_06fc4681c2442e64936d4f5f0c9166acf3775b792ece9424feb38a534043fd68,06fc4681c2.com,Domain,[],0
Domain_27b2e07ebcc43a5b37934cae4a532044657984451437ac5d28c614561a186ea0,27b2e07ebc.com,Domain,[],0
Domain_0e4de49604745527402a18c654395cfad216dcdcadd9dd0673c9351dd549c13e,0e4de49604.com,Domain,[],0
Domain_dee6923a1c00b52a6b36faabed75a96442ffa9530cfe92c4b2c974a4987e9507,dee6923a1c.com,Domain,[],0
Domain_790e6b8f4fd482808b57d0ce7d1662ab613bc50b8309368344eae3afde77610c,790e6b8f4f.com,Domain,[],0
Domain_891b70430892af500417a7507cbb11e6468f40f158b7fa3953060279ca3a9899,891b704308.com,Domain,[],0
Domain_824196c69f672bd41f76867864a47292d8202fb424aae2147e4af4bbdabd2561,824196c69f.com,Domain,[],0
Domain_2c12be56c7c8eee390e12b04550d4c833c8ab782645ebee50ef17cc36bd2174d,2c12be56c7.com,Domain,[],0
Domain_bf9406ac13aea1d5f4a5ca6d42111f8b30a9e929aaf33929e7eb6f65e5b35b41,bf9406ac13.com,Domain,[],0
